'history_id,customer_id,transaction_id,previous_balance,new_balance,transaction_date
f65e3eb7-56ba-437f-a23f-384dea7c5aad,9f6a1652-1834-4fc2-8e82-9c2391972a6f,f557bd7d-e47d-4b3b-97bd-081fd87187ee,119.35,147.04999999999998,2024-05-30 19:51:08
345f71f8-a880-4977-adcd-d5d0ea9e72ec,9f6a1652-1834-4fc2-8e82-9c2391972a6f,f557bd7d-e47d-4b3b-97bd-081fd87187ee,416.67,778.25,2024-01-23 02:13:25
21bd2a5d-d517-427a-85b5-3fef4f9b53db,9f6a1652-1834-4fc2-8e82-9c2391972a6f,f557bd7d-e47d-4b3b-97bd-081fd87187ee,541.31,183.28999999999996,2023-09-01 10:49:25
b6d6a71a-bec4-4883-a87b-a0ec7353afc8,9f6a1652-1834-4fc2-8e82-9c2391972a6f,f557bd7d-e47d-4b3b-97bd-081fd87187ee,451.15,517.22,2024-04-30 22:02:45
9cbe3f85-0770-437c-a55c-2840ee9472f4,9f6a1652-1834-4fc2-8e82-9c2391972a6f,f557bd7d-e47d-4b3b-97bd-081fd87187ee,146.27,600.61,2024-03-12 12:48:52
ca83d426-21d5-4479-b959-dc6eb155cd40,9f6a1652-1834-4fc2-8e82-9c2391972a6f,f557bd7d-e47d-4b3b-97bd-081fd87187ee,102.17,596.16,2023-09-15 04:33:21
c82360c3-753f-41e6-aa3a-4975851b1dcf,9f6a1652-1834-4fc2-8e82-9c2391972a6f,f557bd7d-e47d-4b3b-97bd-081fd87187ee,324.75,144.66,2024-02-24 22:52:23
4372ceaa-12ec-4996-b93f-b4871b1fd310,9f6a1652-1834-4fc2-8e82-9c2391972a6f,f557bd7d-e47d-4b3b-97bd-081fd87187ee,672.77,984.23,2024-06-30 08:25:13
599a75dc-bf89-40b6-8dff-317a93906088,9f6a1652-1834-4fc2-8e82-9c2391972a6f,f557bd7d-e47d-4b3b-97bd-081fd87187ee,974.45,639.3100000000001,2024-07-12 21:23:29
c67905d7-8d28-4c48-9e09-9152b9912b0c,9f6a1652-1834-4fc2-8e82-9c2391972a6f,f557bd7d-e47d-4b3b-97bd-081fd87187ee,113.72,343.25,2024-02-18 17:03:15
244cd790-7144-4890-9d80-480d16043e5d,9f6a1652-1834-4fc2-8e82-9c2391972a6f,f557bd7d-e47d-4b3b-97bd-081fd87187ee,778.12,549.09,2024-02-28 07:32:15
f5b68ee1-3939-4451-bd4f-db82ecdbd7b1,9f6a1652-1834-4fc2-8e82-9c2391972a6f,f557bd7d-e47d-4b3b-97bd-081fd87187ee,491.49,249.96,2024-05-26 03:33:02
9f984fd0-864c-4af0-a223-265ee2dc4824,9f6a1652-1834-4fc2-8e82-9c2391972a6f,f557bd7d-e47d-4b3b-97bd-081fd87187ee,948.25,1440.43,2023-12-02 07:49:20
93bdae7f-9817-40a0-9ee4-33ae2d11a957,9f6a1652-1834-4fc2-8e82-9c2391972a6f,f557bd7d-e47d-4b3b-97bd-081fd87187ee,982.59,816.8100000000001,2024-03-14 08:25:17
1a0af114-61f9-4db3-aa66-76e0f2865231,9f6a1652-1834-4fc2-8e82-9c2391972a6f,f557bd7d-e47d-4b3b-97bd-081fd87187ee,244.82,649.9300000000001,2024-06-10 11:13:19
3566ef40-1eb8-4b3f-93b8-c1af12dc4ad4,9f6a1652-1834-4fc2-8e82-9c2391972a6f,f557bd7d-e47d-4b3b-97bd-081fd87187ee,909.41,681.62,2023-09-01 00:22:08
5645d2b0-3d00-4558-ada3-6bcbff0fb319,9f6a1652-1834-4fc2-8e82-9c2391972a6f,f557bd7d-e47d-4b3b-97bd-081fd87187ee,909.89,604.79,2023-12-30 19:29:15
66b73db0-b9a0-48b7-90ee-4f6ce93945df,9f6a1652-1834-4fc2-8e82-9c2391972a6f,f557bd7d-e47d-4b3b-97bd-081fd87187ee,389.78,-7.390000000000043,2023-12-12 04:14:45
24cc21e3-1966-435d-91ea-094142a28f6d,9f6a1652-1834-4fc2-8e82-9c2391972a6f,f557bd7d-e47d-4b3b-97bd-081fd87187ee,732.19,715.33,2024-06-26 05:40:24
ed8d0017-d0e5-43c6-8b2d-ebe4913f2304,9f6a1652-1834-4fc2-8e82-9c2391972a6f,f557bd7d-e47d-4b3b-97bd-081fd87187ee,505.17,335.04,2024-01-08 01:17:23
791d48ce-edfe-4728-86a2-acb890f3958e,9f6a1652-1834-4fc2-8e82-9c2391972a6f,f557bd7d-e47d-4b3b-97bd-081fd87187ee,281.21,-189.49,2023-09-15 00:10:55
be856f8c-d622-433d-b336-20a533c71d89,9f6a1652-1834-4fc2-8e82-9c2391972a6f,f557bd7d-e47d-4b3b-97bd-081fd87187ee,360.78,309.71,2024-07-15 11:14:58
80752364-92c9-47f2-ba26-d7c8f1bd97e7,9f6a1652-1834-4fc2-8e82-9c2391972a6f,f557bd7d-e47d-4b3b-97bd-081fd87187ee,144.75,330.53999999999996,2024-03-18 21:52:04
4406c1b2-59bd-4ab0-b62f-c5a02e5f7f69,9f6a1652-1834-4fc2-8e82-9c2391972a6f,f557bd7d-e47d-4b3b-97bd-081fd87187ee,648.92,859.16,2023-12-23 11:21:25
8185cff6-2634-4867-9cfd-1715d6a15f66,9f6a1652-1834-4fc2-8e82-9c2391972a6f,f557bd7d-e47d-4b3b-97bd-081fd87187ee,418.97,764.4300000000001,2024-04-25 04:53:40
2972f885-cc8d-4653-84a8-aa8e505a46ea,9f6a1652-1834-4fc2-8e82-9c2391972a6f,f557bd7d-e47d-4b3b-97bd-081fd87187ee,304.82,121.73999999999998,2023-11-18 06:55:57
0dcadbcf-0236-420f-a214-82d4982ae11f,9f6a1652-1834-4fc2-8e82-9c2391972a6f,f557bd7d-e47d-4b3b-97bd-081fd87187ee,275.96,749.03,2023-12-04 15:25:33
513377bb-a530-49aa-bae6-b59967e8831e,9f6a1652-1834-4fc2-8e82-9c2391972a6f,f557bd7d-e47d-4b3b-97bd-081fd87187ee,666.83,1124.0,2023-09-22 01:10:19
283b7057-7ee3-4fbe-9574-2df9c42154de,9f6a1652-1834-4fc2-8e82-9c2391972a6f,f557bd7d-e47d-4b3b-97bd-081fd87187ee,587.41,488.54999999999995,2024-04-04 23:36:37
9c440e26-5933-4846-b694-fd25b7b235ca,9f6a1652-1834-4fc2-8e82-9c2391972a6f,f557bd7d-e47d-4b3b-97bd-081fd87187ee,635.31,640.4,2023-09-08 23:42:55
ec226f47-ffcd-4b44-adf2-f393b38d5ade,9f6a1652-1834-4fc2-8e82-9c2391972a6f,f557bd7d-e47d-4b3b-97bd-081fd87187ee,939.76,922.75,2024-08-03 01:17:16
079a1915-7299-470e-a6e5-0900608314d7,9f6a1652-1834-4fc2-8e82-9c2391972a6f,f557bd7d-e47d-4b3b-97bd-081fd87187ee,818.56,1300.78,2023-10-21 11:54:52
9eb679a5-532f-4a5f-ab2a-e341712bfa01,9f6a1652-1834-4fc2-8e82-9c2391972a6f,f557bd7d-e47d-4b3b-97bd-081fd87187ee,901.84,743.22,2024-03-11 09:14:39
8683925e-857a-4667-bb83-9631ff0e5528,9f6a1652-1834-4fc2-8e82-9c2391972a6f,f557bd7d-e47d-4b3b-97bd-081fd87187ee,235.15,630.9,2023-12-14 19:24:39
784228fe-b6b3-423f-a512-0ad424397d84,9f6a1652-1834-4fc2-8e82-9c2391972a6f,f557bd7d-e47d-4b3b-97bd-081fd87187ee,125.11,44.67999999999999,2023-09-30 15:55:40
78caad3a-b995-4adb-baa4-f533e628b073,9f6a1652-1834-4fc2-8e82-9c2391972a6f,f557bd7d-e47d-4b3b-97bd-081fd87187ee,596.76,385.44,2024-06-13 12:12:08
cdc5c48d-9958-4836-ba14-624752e158f1,9f6a1652-1834-4fc2-8e82-9c2391972a6f,f557bd7d-e47d-4b3b-97bd-081fd87187ee,333.43,561.75,2023-08-14 05:19:04
4d84a3fb-3209-468a-b708-8575e7ce985b,9f6a1652-1834-4fc2-8e82-9c2391972a6f,f557bd7d-e47d-4b3b-97bd-081fd87187ee,565.13,491.56,2023-10-10 20:13:01
53c44bd5-48d6-495f-bb6c-6a9863202f11,9f6a1652-1834-4fc2-8e82-9c2391972a6f,f557bd7d-e47d-4b3b-97bd-081fd87187ee,944.14,811.47,2024-05-26 15:30:08
1c665eaf-be1e-4811-9337-174f0fdecef1,9f6a1652-1834-4fc2-8e82-9c2391972a6f,f557bd7d-e47d-4b3b-97bd-081fd87187ee,417.68,355.4,2023-10-28 23:04:37
e35e648f-d652-4ee8-b10b-489405c160fe,9f6a1652-1834-4fc2-8e82-9c2391972a6f,f557bd7d-e47d-4b3b-97bd-081fd87187ee,865.56,1220.94,2024-03-30 20:25:11
e0671b3d-75fe-4f4e-ac80-d83072653374,9f6a1652-1834-4fc2-8e82-9c2391972a6f,f557bd7d-e47d-4b3b-97bd-081fd87187ee,216.34,534.87,2024-04-25 21:18:50
f538f692-f028-45b7-8db2-c35b5b21bf97,9f6a1652-1834-4fc2-8e82-9c2391972a6f,f557bd7d-e47d-4b3b-97bd-081fd87187ee,913.08,1129.3400000000001,2023-12-09 16:36:22
d176f46d-f82f-4e67-9728-8adc40675c5a,9f6a1652-1834-4fc2-8e82-9c2391972a6f,f557bd7d-e47d-4b3b-97bd-081fd87187ee,617.62,720.36,2023-08-11 12:39:28
62e5d4bb-2327-4f84-98e7-a9143ce744e0,9f6a1652-1834-4fc2-8e82-9c2391972a6f,f557bd7d-e47d-4b3b-97bd-081fd87187ee,638.64,1005.8,2023-11-23 10:37:32
5ac92742-d60a-4464-9d96-187eae5ee089,9f6a1652-1834-4fc2-8e82-9c2391972a6f,f557bd7d-e47d-4b3b-97bd-081fd87187ee,340.5,91.69999999999999,2023-09-17 23:46:24
f88c95fb-2a99-4d54-8afa-32faac6c893d,9f6a1652-1834-4fc2-8e82-9c2391972a6f,f557bd7d-e47d-4b3b-97bd-081fd87187ee,574.61,757.15,2024-05-03 06:36:44
6d359739-42ad-46f4-a70e-b7722a48c631,9f6a1652-1834-4fc2-8e82-9c2391972a6f,f557bd7d-e47d-4b3b-97bd-081fd87187ee,557.86,822.46,2024-01-17 20:46:23
ea445d50-b47a-4309-851a-7606ba56827f,9f6a1652-1834-4fc2-8e82-9c2391972a6f,f557bd7d-e47d-4b3b-97bd-081fd87187ee,117.07,184.45999999999998,2024-03-26 13:32:49
13e0bad5-774e-4bb3-a757-5fd126541ce8,9f6a1652-1834-4fc2-8e82-9c2391972a6f,f557bd7d-e47d-4b3b-97bd-081fd87187ee,430.76,852.9200000000001,2024-03-13 17:46:45
a78aa924-cdf7-4bf0-b744-ba37b20646fe,9f6a1652-1834-4fc2-8e82-9c2391972a6f,f557bd7d-e47d-4b3b-97bd-081fd87187ee,203.24,139.12,2024-06-06 16:56:38
65b2c984-1fb4-4efa-9f72-b86f2871df62,9f6a1652-1834-4fc2-8e82-9c2391972a6f,f557bd7d-e47d-4b3b-97bd-081fd87187ee,923.39,1234.51,2024-05-11 15:03:14
c58d4b6c-e371-43c0-b647-4a472784ab75,9f6a1652-1834-4fc2-8e82-9c2391972a6f,f557bd7d-e47d-4b3b-97bd-081fd87187ee,406.19,864.06,2023-09-12 21:37:58
6e60e5cb-f1bd-4778-ab8f-824612c3a0c9,9f6a1652-1834-4fc2-8e82-9c2391972a6f,f557bd7d-e47d-4b3b-97bd-081fd87187ee,757.37,846.56,2023-11-29 08:23:17
81a13f8e-d76c-4b92-a631-182ae8d652f4,9f6a1652-1834-4fc2-8e82-9c2391972a6f,f557bd7d-e47d-4b3b-97bd-081fd87187ee,594.12,256.17,2023-10-23 14:31:25
77910c84-dba1-495c-996e-ce101a9e0514,9f6a1652-1834-4fc2-8e82-9c2391972a6f,f557bd7d-e47d-4b3b-97bd-081fd87187ee,239.8,607.88,2024-05-13 20:46:28
19601ce9-e12e-40a6-8138-a5e7c45b1aea,9f6a1652-1834-4fc2-8e82-9c2391972a6f,f557bd7d-e47d-4b3b-97bd-081fd87187ee,694.85,264.16,2024-08-03 01:45:50
be7178ed-bf4d-4e73-a734-c8494d40b492,9f6a1652-1834-4fc2-8e82-9c2391972a6f,f557bd7d-e47d-4b3b-97bd-081fd87187ee,557.5,859.26,2024-06-27 09:11:47
a3f94902-1cf4-4f8f-9005-90c7e6381746,9f6a1652-1834-4fc2-8e82-9c2391972a6f,f557bd7d-e47d-4b3b-97bd-081fd87187ee,728.09,804.97,2024-05-09 03:29:56
dc3be0fc-fe05-485e-9b9a-7ec650892f42,9f6a1652-1834-4fc2-8e82-9c2391972a6f,f557bd7d-e47d-4b3b-97bd-081fd87187ee,167.98,542.96,2023-10-04 05:12:21
d6c7c873-65cc-4634-997a-f995d982f47d,9f6a1652-1834-4fc2-8e82-9c2391972a6f,f557bd7d-e47d-4b3b-97bd-081fd87187ee,687.43,378.5199999999999,2024-03-12 20:24:09
44f20e7a-6f0b-4212-87af-37f5e1973f41,9f6a1652-1834-4fc2-8e82-9c2391972a6f,f557bd7d-e47d-4b3b-97bd-081fd87187ee,632.66,208.24999999999994,2024-05-20 15:22:49
87666f9b-8bc8-475b-b155-014e433cba83,9f6a1652-1834-4fc2-8e82-9c2391972a6f,f557bd7d-e47d-4b3b-97bd-081fd87187ee,855.24,870.78,2024-01-29 22:33:12
1a19eabc-dc67-407f-a7c8-94e2cd701b6d,9f6a1652-1834-4fc2-8e82-9c2391972a6f,f557bd7d-e47d-4b3b-97bd-081fd87187ee,244.89,509.08,2024-07-19 11:26:13
a5a2b5cb-91b7-4f14-a438-f96e24cad932,9f6a1652-1834-4fc2-8e82-9c2391972a6f,f557bd7d-e47d-4b3b-97bd-081fd87187ee,206.29,691.65,2024-04-07 17:46:26
175eb42d-0c2c-46fd-b013-921467414636,9f6a1652-1834-4fc2-8e82-9c2391972a6f,f557bd7d-e47d-4b3b-97bd-081fd87187ee,383.17,-17.120000000000005,2024-02-09 03:06:27
eeda0271-bca5-48dc-9a81-c47c4e9bfbed,9f6a1652-1834-4fc2-8e82-9c2391972a6f,f557bd7d-e47d-4b3b-97bd-081fd87187ee,437.13,388.63,2024-06-03 10:41:34
ead9c5d8-a8db-4b53-916c-728cf27e0204,9f6a1652-1834-4fc2-8e82-9c2391972a6f,f557bd7d-e47d-4b3b-97bd-081fd87187ee,104.09,0.7800000000000011,2024-04-18 21:15:24
aac59f7d-5b8f-49d7-bd53-94b2a5ac2202,9f6a1652-1834-4fc2-8e82-9c2391972a6f,f557bd7d-e47d-4b3b-97bd-081fd87187ee,862.82,1141.1100000000001,2023-09-16 03:14:27
d605ba27-e813-4c88-bab4-d892d7eede28,9f6a1652-1834-4fc2-8e82-9c2391972a6f,f557bd7d-e47d-4b3b-97bd-081fd87187ee,900.54,782.17,2024-01-03 13:55:30
6dfab1a4-904c-425e-8ac2-c71111b47a4d,9f6a1652-1834-4fc2-8e82-9c2391972a6f,f557bd7d-e47d-4b3b-97bd-081fd87187ee,835.69,418.57000000000005,2023-09-16 02:12:49
f3c7b43d-3791-4d95-b9a5-72304072ee2e,9f6a1652-1834-4fc2-8e82-9c2391972a6f,f557bd7d-e47d-4b3b-97bd-081fd87187ee,885.76,1374.8,2024-01-26 07:49:46
88fb36ce-99ca-4a98-995a-914bcb6fbe3e,9f6a1652-1834-4fc2-8e82-9c2391972a6f,f557bd7d-e47d-4b3b-97bd-081fd87187ee,398.46,521.62,2024-01-18 17:28:38
dbce671d-9a0c-458e-b527-d0fc8c44223e,9f6a1652-1834-4fc2-8e82-9c2391972a6f,f557bd7d-e47d-4b3b-97bd-081fd87187ee,850.0,375.02,2023-10-28 10:51:54
64c2a515-3b77-4d53-a8f6-c47fbe0c0b40,9f6a1652-1834-4fc2-8e82-9c2391972a6f,f557bd7d-e47d-4b3b-97bd-081fd87187ee,280.1,693.31,2023-11-28 12:08:15
29979594-ba0d-4e8f-bc6e-ab1187093de6,9f6a1652-1834-4fc2-8e82-9c2391972a6f,f557bd7d-e47d-4b3b-97bd-081fd87187ee,735.17,732.0,2023-09-03 12:49:28
1dda8706-3874-4d66-bc11-62450337884a,9f6a1652-1834-4fc2-8e82-9c2391972a6f,f557bd7d-e47d-4b3b-97bd-081fd87187ee,198.5,-63.870000000000005,2023-12-18 07:17:42
f3e62359-58c8-448a-bca8-2d8173fbb535,9f6a1652-1834-4fc2-8e82-9c2391972a6f,f557bd7d-e47d-4b3b-97bd-081fd87187ee,725.23,879.89,2024-06-02 21:16:28
dc3647b2-e98c-466d-9d75-69c4b2c7d3e7,9f6a1652-1834-4fc2-8e82-9c2391972a6f,f557bd7d-e47d-4b3b-97bd-081fd87187ee,442.42,702.47,2024-04-20 04:35:34
ae1fa7be-5c45-47ab-a41b-cc8482358881,9f6a1652-1834-4fc2-8e82-9c2391972a6f,f557bd7d-e47d-4b3b-97bd-081fd87187ee,254.22,162.82,2023-09-22 09:09:07
e5e45d66-dfbf-43d0-a60b-10656013450c,9f6a1652-1834-4fc2-8e82-9c2391972a6f,f557bd7d-e47d-4b3b-97bd-081fd87187ee,908.01,977.17,2024-08-04 23:45:49
379fd1de-f1e2-4aa6-a6a5-a10118f503b2,9f6a1652-1834-4fc2-8e82-9c2391972a6f,f557bd7d-e47d-4b3b-97bd-081fd87187ee,476.8,407.85,2023-11-17 20:28:22
e580e4eb-05a0-4ea2-a7bf-28f8d9132f14,9f6a1652-1834-4fc2-8e82-9c2391972a6f,f557bd7d-e47d-4b3b-97bd-081fd87187ee,233.42,-57.099999999999994,2024-03-22 18:16:50
d9c9dbc9-9898-4b22-bbe7-42d28806a327,9f6a1652-1834-4fc2-8e82-9c2391972a6f,f557bd7d-e47d-4b3b-97bd-081fd87187ee,148.5,642.05,2024-04-18 15:17:05
f42b90e5-14f6-4831-8abc-c171eaf3cdf1,9f6a1652-1834-4fc2-8e82-9c2391972a6f,f557bd7d-e47d-4b3b-97bd-081fd87187ee,712.76,434.12,2024-05-23 07:52:22
21d53cc4-095b-4185-bae4-47f9f0b0854e,9f6a1652-1834-4fc2-8e82-9c2391972a6f,f557bd7d-e47d-4b3b-97bd-081fd87187ee,862.04,1089.15,2024-06-01 01:11:25
982b01c5-974b-43ef-b0a8-6f0d692f1e21,9f6a1652-1834-4fc2-8e82-9c2391972a6f,f557bd7d-e47d-4b3b-97bd-081fd87187ee,197.7,-297.59000000000003,2023-12-29 16:53:55
059cf37f-8971-43ed-8d78-391518f7b95b,9f6a1652-1834-4fc2-8e82-9c2391972a6f,f557bd7d-e47d-4b3b-97bd-081fd87187ee,516.24,156.19,2023-08-17 02:03:59
82d63bcd-e76c-4903-b18c-11fd7a1b7a3c,9f6a1652-1834-4fc2-8e82-9c2391972a6f,f557bd7d-e47d-4b3b-97bd-081fd87187ee,467.43,628.23,2024-05-24 03:01:09
856d0804-49b1-42e5-9f6e-1b60cd509674,9f6a1652-1834-4fc2-8e82-9c2391972a6f,f557bd7d-e47d-4b3b-97bd-081fd87187ee,479.75,916.15,2024-01-06 02:04:37
b5fdca10-24a0-413b-ad55-92b760ced4cd,9f6a1652-1834-4fc2-8e82-9c2391972a6f,f557bd7d-e47d-4b3b-97bd-081fd87187ee,563.13,226.3,2023-11-20 07:07:01
a98a65d6-08a7-4940-9ec1-4f3adf3c209d,9f6a1652-1834-4fc2-8e82-9c2391972a6f,f557bd7d-e47d-4b3b-97bd-081fd87187ee,385.91,523.63,2024-06-19 18:17:18
1a07972d-d6a0-481f-977f-68058ad8767e,9f6a1652-1834-4fc2-8e82-9c2391972a6f,f557bd7d-e47d-4b3b-97bd-081fd87187ee,372.49,841.55,2023-08-19 09:57:08
c928221c-a0ad-423e-b190-da2bf502a365,9f6a1652-1834-4fc2-8e82-9c2391972a6f,f557bd7d-e47d-4b3b-97bd-081fd87187ee,819.9,518.4,2023-08-29 01:38:26
23365a94-1ba9-4de1-8767-5f61cd956104,9f6a1652-1834-4fc2-8e82-9c2391972a6f,f557bd7d-e47d-4b3b-97bd-081fd87187ee,659.73,1137.45,2024-06-29 10:15:09
a4699381-c0b3-410b-8ff8-12afb8512ac0,9f6a1652-1834-4fc2-8e82-9c2391972a6f,f557bd7d-e47d-4b3b-97bd-081fd87187ee,521.53,487.21999999999997,2023-11-30 08:00:17
61d0dbb7-eee6-4cf5-8b67-87bd42d450fd,9f6a1652-1834-4fc2-8e82-9c2391972a6f,f557bd7d-e47d-4b3b-97bd-081fd87187ee,124.47,600.91,2024-07-07 09:37:44
cae822bc-4211-45d9-a9a3-748c630e951b,9f6a1652-1834-4fc2-8e82-9c2391972a6f,f557bd7d-e47d-4b3b-97bd-081fd87187ee,813.65,698.02,2024-06-08 08:33:36
74bf1264-4fae-4a7b-8328-90bef787984f,9f6a1652-1834-4fc2-8e82-9c2391972a6f,f557bd7d-e47d-4b3b-97bd-081fd87187ee,993.92,1301.6599999999999,2023-09-19 08:19:35
184023cc-ca87-4cfc-b6af-eb85f75bdf88,9f6a1652-1834-4fc2-8e82-9c2391972a6f,f557bd7d-e47d-4b3b-97bd-081fd87187ee,741.91,986.1999999999999,2024-03-04 13:02:03
f747349c-9ebb-4b6b-8b46-d67c81ac7287,9f6a1652-1834-4fc2-8e82-9c2391972a6f,f557bd7d-e47d-4b3b-97bd-081fd87187ee,207.08,699.53,2023-10-17 16:55:39
e21d39f9-e221-4179-b73e-dd610ea1baa7,9f6a1652-1834-4fc2-8e82-9c2391972a6f,f557bd7d-e47d-4b3b-97bd-081fd87187ee,325.74,128.43,2024-03-13 04:45:40
a618fc05-21fe-46a8-9609-830590ff5c40,9f6a1652-1834-4fc2-8e82-9c2391972a6f,f557bd7d-e47d-4b3b-97bd-081fd87187ee,324.32,596.26,2023-09-21 04:06:50
23d46906-6ca3-4b03-a4a8-e00e67ee9b84,9f6a1652-1834-4fc2-8e82-9c2391972a6f,f557bd7d-e47d-4b3b-97bd-081fd87187ee,159.01,-170.88,2023-12-20 09:40:23
81d6f9f4-23e7-4991-bb23-cae406e8319e,9f6a1652-1834-4fc2-8e82-9c2391972a6f,f557bd7d-e47d-4b3b-97bd-081fd87187ee,157.1,-147.79999999999998,2024-07-27 08:02:08
7e297dfe-7b6a-46b2-a5ef-7f7cebdf58ba,9f6a1652-1834-4fc2-8e82-9c2391972a6f,f557bd7d-e47d-4b3b-97bd-081fd87187ee,653.4,557.6999999999999,2024-07-10 06:14:54
56a1c15d-4666-4335-a603-1ff9c9e93eef,9f6a1652-1834-4fc2-8e82-9c2391972a6f,f557bd7d-e47d-4b3b-97bd-081fd87187ee,330.73,-164.71999999999997,2024-02-10 15:14:59
b26f2342-6b2e-41ea-a6b0-109162a1a6e4,9f6a1652-1834-4fc2-8e82-9c2391972a6f,f557bd7d-e47d-4b3b-97bd-081fd87187ee,372.31,575.83,2024-06-20 03:28:37
ec06534e-5aa8-42f9-ae76-85bb58c2ac6d,9f6a1652-1834-4fc2-8e82-9c2391972a6f,f557bd7d-e47d-4b3b-97bd-081fd87187ee,119.53,-267.35,2023-08-30 09:49:29
c4be0a99-ee7a-4254-9be4-533dffd65e73,9f6a1652-1834-4fc2-8e82-9c2391972a6f,f557bd7d-e47d-4b3b-97bd-081fd87187ee,858.57,853.48,2023-08-31 12:43:57
2b06be09-9e0d-4bb8-ac13-38ff3755dd6f,9f6a1652-1834-4fc2-8e82-9c2391972a6f,f557bd7d-e47d-4b3b-97bd-081fd87187ee,374.43,13.240000000000009,2024-04-10 15:26:39
491e1445-64c0-46ce-b24f-a6fa169fbe59,9f6a1652-1834-4fc2-8e82-9c2391972a6f,f557bd7d-e47d-4b3b-97bd-081fd87187ee,378.88,604.13,2024-03-24 22:09:25
8d67e47a-6a2f-44e0-a949-7923f54159de,9f6a1652-1834-4fc2-8e82-9c2391972a6f,f557bd7d-e47d-4b3b-97bd-081fd87187ee,291.19,-51.110000000000014,2023-10-31 16:54:13
6af05e69-7cd9-4a3b-82f6-c09b7921e5b2,9f6a1652-1834-4fc2-8e82-9c2391972a6f,f557bd7d-e47d-4b3b-97bd-081fd87187ee,150.2,-192.11,2024-05-24 20:14:31
689ac33e-9676-4bd5-b636-752ed0808164,9f6a1652-1834-4fc2-8e82-9c2391972a6f,f557bd7d-e47d-4b3b-97bd-081fd87187ee,782.02,315.78999999999996,2024-05-10 13:16:14
ab0f56dd-da29-47d5-b932-5aaaaebe522f,9f6a1652-1834-4fc2-8e82-9c2391972a6f,f557bd7d-e47d-4b3b-97bd-081fd87187ee,804.85,1138.38,2024-05-08 02:35:09
70b66c35-569a-4925-b3bf-4a998cced2cd,9f6a1652-1834-4fc2-8e82-9c2391972a6f,f557bd7d-e47d-4b3b-97bd-081fd87187ee,579.19,696.0,2024-04-05 10:34:11
e48644c1-1017-42c1-88be-e6a5b48e3d0d,9f6a1652-1834-4fc2-8e82-9c2391972a6f,f557bd7d-e47d-4b3b-97bd-081fd87187ee,323.27,563.1899999999999,2023-12-21 04:58:04
18c6c050-db91-4318-ad0b-3c61e4b3220e,9f6a1652-1834-4fc2-8e82-9c2391972a6f,f557bd7d-e47d-4b3b-97bd-081fd87187ee,454.76,51.70999999999998,2023-08-13 05:00:36
dea87feb-8c5f-4538-ac13-69aac024e6d1,9f6a1652-1834-4fc2-8e82-9c2391972a6f,f557bd7d-e47d-4b3b-97bd-081fd87187ee,234.28,431.05,2023-11-24 12:45:26
ec12f9b5-5d47-4b75-a953-e27d909ba99b,9f6a1652-1834-4fc2-8e82-9c2391972a6f,f557bd7d-e47d-4b3b-97bd-081fd87187ee,733.65,687.12,2023-12-13 21:12:46
5b5dd0fa-f49a-4be6-9dad-57c9cd53a7ad,9f6a1652-1834-4fc2-8e82-9c2391972a6f,f557bd7d-e47d-4b3b-97bd-081fd87187ee,923.54,1116.01,2024-06-04 08:33:33
688adfa7-9759-4aea-8503-1ba0ce127171,9f6a1652-1834-4fc2-8e82-9c2391972a6f,f557bd7d-e47d-4b3b-97bd-081fd87187ee,497.21,481.35999999999996,2023-10-08 09:53:56
90feec30-c3f6-42af-82bb-848385e382a2,9f6a1652-1834-4fc2-8e82-9c2391972a6f,f557bd7d-e47d-4b3b-97bd-081fd87187ee,731.04,430.42999999999995,2023-12-16 01:06:22
3c4bbbff-df0d-4cff-835d-c0af89e7cd13,9f6a1652-1834-4fc2-8e82-9c2391972a6f,f557bd7d-e47d-4b3b-97bd-081fd87187ee,462.98,174.58000000000004,2024-05-31 09:09:52
6f3d56d0-3e66-4b50-9c58-001aea146442,9f6a1652-1834-4fc2-8e82-9c2391972a6f,f557bd7d-e47d-4b3b-97bd-081fd87187ee,531.34,512.33,2024-07-08 11:33:06
54656b75-00b0-4813-abac-1cf8e4dab1db,9f6a1652-1834-4fc2-8e82-9c2391972a6f,f557bd7d-e47d-4b3b-97bd-081fd87187ee,407.3,313.1,2024-03-12 13:50:30
2a9d1514-d062-4965-a292-15849be33e56,9f6a1652-1834-4fc2-8e82-9c2391972a6f,f557bd7d-e47d-4b3b-97bd-081fd87187ee,590.18,427.19999999999993,2024-05-20 21:41:06
a0e0e311-264b-4eef-a5e4-f5bed50480e0,9f6a1652-1834-4fc2-8e82-9c2391972a6f,f557bd7d-e47d-4b3b-97bd-081fd87187ee,780.8,711.76,2024-04-06 16:56:50
13cbad99-0bea-4624-9977-dc9c1ac2610b,9f6a1652-1834-4fc2-8e82-9c2391972a6f,f557bd7d-e47d-4b3b-97bd-081fd87187ee,596.4,203.85999999999996,2024-02-10 11:29:06
b8bc17c5-06d2-41a9-ba57-51c8c8549bc7,9f6a1652-1834-4fc2-8e82-9c2391972a6f,f557bd7d-e47d-4b3b-97bd-081fd87187ee,773.21,709.77,2023-11-03 17:37:16
2a52ba46-24c3-4694-a8b2-d2d32533847a,9f6a1652-1834-4fc2-8e82-9c2391972a6f,f557bd7d-e47d-4b3b-97bd-081fd87187ee,860.97,1010.77,2023-10-17 15:29:36
fed7eb04-1016-436b-94bb-f5a378bfbfb4,9f6a1652-1834-4fc2-8e82-9c2391972a6f,f557bd7d-e47d-4b3b-97bd-081fd87187ee,867.84,571.94,2023-09-24 03:29:52
efe954c4-597b-43c5-ad0d-fead6384b0b1,9f6a1652-1834-4fc2-8e82-9c2391972a6f,f557bd7d-e47d-4b3b-97bd-081fd87187ee,846.03,1145.59,2023-10-22 18:32:08
42ef0631-bc52-470d-8fc6-ed493f43ef09,9f6a1652-1834-4fc2-8e82-9c2391972a6f,f557bd7d-e47d-4b3b-97bd-081fd87187ee,687.51,339.09,2024-04-10 05:16:28
967a2c7d-9970-4064-ad7a-43022f903263,9f6a1652-1834-4fc2-8e82-9c2391972a6f,f557bd7d-e47d-4b3b-97bd-081fd87187ee,531.13,629.35,2024-04-05 02:27:24
733563c6-f522-49fe-be73-0bdbe1e81dd9,9f6a1652-1834-4fc2-8e82-9c2391972a6f,f557bd7d-e47d-4b3b-97bd-081fd87187ee,491.91,61.56,2024-05-06 10:46:07
df378a5a-6678-46ec-835e-3a2c2c56895e,9f6a1652-1834-4fc2-8e82-9c2391972a6f,f557bd7d-e47d-4b3b-97bd-081fd87187ee,854.16,1199.38,2024-04-03 11:58:02
fd2bc1f3-7fb5-49ed-825f-675dd28b9275,9f6a1652-1834-4fc2-8e82-9c2391972a6f,f557bd7d-e47d-4b3b-97bd-081fd87187ee,878.16,1212.98,2024-05-27 01:37:06
4f0d8436-5cba-4906-9c3b-4c2c529ad1da,9f6a1652-1834-4fc2-8e82-9c2391972a6f,f557bd7d-e47d-4b3b-97bd-081fd87187ee,639.46,686.1500000000001,2023-10-06 10:55:33
356698ea-cf2b-4e7e-85b1-9ac70e5feb8e,9f6a1652-1834-4fc2-8e82-9c2391972a6f,f557bd7d-e47d-4b3b-97bd-081fd87187ee,534.8,727.05,2024-07-09 08:08:21
6e90b45f-ee40-45fc-8566-85c116922fb2,9f6a1652-1834-4fc2-8e82-9c2391972a6f,f557bd7d-e47d-4b3b-97bd-081fd87187ee,633.24,269.39,2024-04-28 13:38:09
79b21245-8fcd-4cd8-b5b9-5ece2c45264a,9f6a1652-1834-4fc2-8e82-9c2391972a6f,f557bd7d-e47d-4b3b-97bd-081fd87187ee,309.06,747.5899999999999,2023-11-09 12:25:18
436ea296-b215-4aac-baae-d3846c6eba3c,9f6a1652-1834-4fc2-8e82-9c2391972a6f,f557bd7d-e47d-4b3b-97bd-081fd87187ee,917.84,915.48,2024-03-06 22:30:37
474be19a-b8f9-4ce0-a1a2-874299ef7348,9f6a1652-1834-4fc2-8e82-9c2391972a6f,f557bd7d-e47d-4b3b-97bd-081fd87187ee,864.31,740.9799999999999,2023-12-29 18:07:36
2b608e6d-25cc-47ea-9149-085d6ce67ddb,9f6a1652-1834-4fc2-8e82-9c2391972a6f,f557bd7d-e47d-4b3b-97bd-081fd87187ee,887.4,711.15,2024-03-03 01:21:38
731c57c6-cf96-48c8-9436-02d1f9a99e2b,9f6a1652-1834-4fc2-8e82-9c2391972a6f,f557bd7d-e47d-4b3b-97bd-081fd87187ee,684.75,1125.9,2023-08-15 06:56:21
e91da7fb-0075-47c5-ab22-3cc66fc84a17,9f6a1652-1834-4fc2-8e82-9c2391972a6f,f557bd7d-e47d-4b3b-97bd-081fd87187ee,808.54,419.43999999999994,2024-03-03 02:09:08
b452141b-2c48-4e71-9454-3d80a2a77deb,9f6a1652-1834-4fc2-8e82-9c2391972a6f,f557bd7d-e47d-4b3b-97bd-081fd87187ee,619.62,968.25,2023-10-19 09:04:53
677d8bb5-4828-4958-b64e-0363ab6cc4ba,9f6a1652-1834-4fc2-8e82-9c2391972a6f,f557bd7d-e47d-4b3b-97bd-081fd87187ee,810.72,411.25,2023-10-26 07:06:57
0cc1eade-188d-4cab-85fb-50a49c4b0615,9f6a1652-1834-4fc2-8e82-9c2391972a6f,f557bd7d-e47d-4b3b-97bd-081fd87187ee,374.14,276.56,2024-07-27 06:48:40
ecf8e63b-6f47-4864-84a9-20a410842650,9f6a1652-1834-4fc2-8e82-9c2391972a6f,f557bd7d-e47d-4b3b-97bd-081fd87187ee,483.37,423.38,2024-03-14 22:49:42
89409e77-cc57-42c1-8337-760a9126c536,9f6a1652-1834-4fc2-8e82-9c2391972a6f,f557bd7d-e47d-4b3b-97bd-081fd87187ee,629.91,588.0999999999999,2023-12-26 19:31:10
c07197de-17b7-48a8-aee7-1e901fa96082,9f6a1652-1834-4fc2-8e82-9c2391972a6f,f557bd7d-e47d-4b3b-97bd-081fd87187ee,685.74,348.99,2023-10-04 13:37:49
6771e734-6681-4bae-99db-bf12b300a3b4,9f6a1652-1834-4fc2-8e82-9c2391972a6f,f557bd7d-e47d-4b3b-97bd-081fd87187ee,762.8,999.79,2024-02-29 01:25:21
deba5221-f98e-4666-92b9-718019f7a2cd,9f6a1652-1834-4fc2-8e82-9c2391972a6f,f557bd7d-e47d-4b3b-97bd-081fd87187ee,557.57,682.62,2023-11-17 01:41:12
8edccf16-a471-4bef-a533-cfb12d05a862,9f6a1652-1834-4fc2-8e82-9c2391972a6f,f557bd7d-e47d-4b3b-97bd-081fd87187ee,675.67,220.06999999999994,2023-10-14 18:47:02
df88ed57-3da1-45e3-977d-26cb2d69ec1d,9f6a1652-1834-4fc2-8e82-9c2391972a6f,f557bd7d-e47d-4b3b-97bd-081fd87187ee,441.13,446.65,2023-11-10 08:22:35
fea2d87e-c5a5-44b6-b391-1058d74f732f,9f6a1652-1834-4fc2-8e82-9c2391972a6f,f557bd7d-e47d-4b3b-97bd-081fd87187ee,741.47,413.32000000000005,2023-09-26 14:01:06
81628371-c7d2-492d-9ce5-d4e804e63c4b,9f6a1652-1834-4fc2-8e82-9c2391972a6f,f557bd7d-e47d-4b3b-97bd-081fd87187ee,291.88,640.63,2024-06-12 23:46:34
87259b79-fd98-4e2b-8447-d7fde6adadd3,9f6a1652-1834-4fc2-8e82-9c2391972a6f,f557bd7d-e47d-4b3b-97bd-081fd87187ee,574.8,107.40999999999997,2023-10-17 03:11:09
410f1d84-24de-40a6-bcde-09d708856d92,9f6a1652-1834-4fc2-8e82-9c2391972a6f,f557bd7d-e47d-4b3b-97bd-081fd87187ee,113.14,231.84,2024-04-14 11:32:46
9563df13-11b4-4392-b6c8-155281952a5a,9f6a1652-1834-4fc2-8e82-9c2391972a6f,f557bd7d-e47d-4b3b-97bd-081fd87187ee,769.26,818.4399999999999,2024-03-28 03:14:27
c69bf698-aa0a-4844-8da5-69764b3f3f4a,9f6a1652-1834-4fc2-8e82-9c2391972a6f,f557bd7d-e47d-4b3b-97bd-081fd87187ee,279.64,288.16999999999996,2023-10-02 12:56:59
74aa63a3-71ad-4b5c-8123-d7aaf07e10dd,9f6a1652-1834-4fc2-8e82-9c2391972a6f,f557bd7d-e47d-4b3b-97bd-081fd87187ee,352.12,90.82999999999998,2024-02-05 03:07:22
12d19191-29f6-4665-9f69-3d45dbc4bd03,9f6a1652-1834-4fc2-8e82-9c2391972a6f,f557bd7d-e47d-4b3b-97bd-081fd87187ee,933.69,766.1800000000001,2023-10-05 20:41:33
ed5755ba-42b2-4a66-a938-7afdcb33edcc,9f6a1652-1834-4fc2-8e82-9c2391972a6f,f557bd7d-e47d-4b3b-97bd-081fd87187ee,185.53,117.16,2024-03-07 19:17:47
ebd243ce-dfdf-4cd0-af27-a53493436be9,9f6a1652-1834-4fc2-8e82-9c2391972a6f,f557bd7d-e47d-4b3b-97bd-081fd87187ee,527.45,697.73,2023-12-09 10:21:56
2af57cee-19e2-4f5c-b37c-a25b964c0f09,9f6a1652-1834-4fc2-8e82-9c2391972a6f,f557bd7d-e47d-4b3b-97bd-081fd87187ee,913.33,1331.26,2024-07-19 16:33:16
e1710596-9cfe-4013-a342-26cbd9c2cb27,9f6a1652-1834-4fc2-8e82-9c2391972a6f,f557bd7d-e47d-4b3b-97bd-081fd87187ee,225.29,-211.9,2023-11-29 02:32:19
0b9ddfbe-fa3e-4015-8851-0a59595f5b8d,9f6a1652-1834-4fc2-8e82-9c2391972a6f,f557bd7d-e47d-4b3b-97bd-081fd87187ee,656.06,1126.76,2024-03-12 04:40:53
313f32c6-7d92-4c10-954e-05c194b58d81,9f6a1652-1834-4fc2-8e82-9c2391972a6f,f557bd7d-e47d-4b3b-97bd-081fd87187ee,337.29,470.70000000000005,2023-10-16 19:34:17
749fd3ab-f69f-4677-8922-e51f74ee61ee,9f6a1652-1834-4fc2-8e82-9c2391972a6f,f557bd7d-e47d-4b3b-97bd-081fd87187ee,517.48,647.48,2024-06-02 10:20:34
9d49a07e-615d-42d5-b9ed-10091dd0144e,9f6a1652-1834-4fc2-8e82-9c2391972a6f,f557bd7d-e47d-4b3b-97bd-081fd87187ee,973.28,531.68,2024-05-20 07:57:41
a82eb5d6-8fae-499d-aa59-baf752dbf0e5,9f6a1652-1834-4fc2-8e82-9c2391972a6f,f557bd7d-e47d-4b3b-97bd-081fd87187ee,979.75,997.44,2024-02-27 23:05:56
89297f2c-7d81-4d96-92b5-982dd81aa40f,9f6a1652-1834-4fc2-8e82-9c2391972a6f,f557bd7d-e47d-4b3b-97bd-081fd87187ee,167.46,-31.859999999999985,2024-06-11 22:31:18
614a2aaf-3364-43d2-8d33-7cd0fadfa88d,9f6a1652-1834-4fc2-8e82-9c2391972a6f,f557bd7d-e47d-4b3b-97bd-081fd87187ee,739.12,325.78000000000003,2024-02-10 19:52:57
b756c710-e51a-488d-b180-be6df6ed2851,9f6a1652-1834-4fc2-8e82-9c2391972a6f,f557bd7d-e47d-4b3b-97bd-081fd87187ee,333.89,203.23999999999998,2024-07-25 01:36:40
247570e0-c798-400e-a806-c81fa34b084b,9f6a1652-1834-4fc2-8e82-9c2391972a6f,f557bd7d-e47d-4b3b-97bd-081fd87187ee,372.45,620.2,2023-09-21 11:17:06
c2a5d80b-5ea2-41e5-a707-7ea4347467a5,9f6a1652-1834-4fc2-8e82-9c2391972a6f,f557bd7d-e47d-4b3b-97bd-081fd87187ee,104.22,-82.0,2024-08-05 10:00:03
0791b5f1-9ee3-428f-b2b2-28fe6252afd9,9f6a1652-1834-4fc2-8e82-9c2391972a6f,f557bd7d-e47d-4b3b-97bd-081fd87187ee,710.23,822.94,2024-01-12 22:26:21
4735d06e-cd8a-4de2-989f-bb04b5995f3d,9f6a1652-1834-4fc2-8e82-9c2391972a6f,f557bd7d-e47d-4b3b-97bd-081fd87187ee,102.1,-6.75,2023-11-18 04:41:11
53d7781f-3962-4d20-b579-1c838a1cf152,9f6a1652-1834-4fc2-8e82-9c2391972a6f,f557bd7d-e47d-4b3b-97bd-081fd87187ee,286.52,289.12,2024-05-12 00:31:34
0f7da949-0b88-4811-8717-7c995f081bca,9f6a1652-1834-4fc2-8e82-9c2391972a6f,f557bd7d-e47d-4b3b-97bd-081fd87187ee,309.1,570.5,2024-01-01 05:16:14
ec9dcc1a-e7df-456e-936b-88e870986751,9f6a1652-1834-4fc2-8e82-9c2391972a6f,f557bd7d-e47d-4b3b-97bd-081fd87187ee,401.87,855.97,2024-04-26 03:29:38
b57bd8e6-24ee-42cf-9715-55d6ff8c4612,9f6a1652-1834-4fc2-8e82-9c2391972a6f,f557bd7d-e47d-4b3b-97bd-081fd87187ee,241.95,676.95,2023-11-22 14:30:39
2da5f064-b589-4c58-ae2d-65e546bf915b,9f6a1652-1834-4fc2-8e82-9c2391972a6f,f557bd7d-e47d-4b3b-97bd-081fd87187ee,845.49,1181.3600000000001,2023-09-03 19:47:01
5965b786-c8a6-4df6-9596-8df11abf9166,9f6a1652-1834-4fc2-8e82-9c2391972a6f,f557bd7d-e47d-4b3b-97bd-081fd87187ee,204.7,337.86,2023-08-12 03:51:50
a92c8bb5-611c-4936-86f4-dede9ff147c7,9f6a1652-1834-4fc2-8e82-9c2391972a6f,f557bd7d-e47d-4b3b-97bd-081fd87187ee,456.1,318.90000000000003,2024-01-29 08:51:49
f7711955-819a-47cf-ad7a-6077a9c30d9f,9f6a1652-1834-4fc2-8e82-9c2391972a6f,f557bd7d-e47d-4b3b-97bd-081fd87187ee,127.83,508.65999999999997,2024-05-16 08:15:55
4aa8bd0c-53f5-4847-a9f3-fc3aa93a98c9,9f6a1652-1834-4fc2-8e82-9c2391972a6f,f557bd7d-e47d-4b3b-97bd-081fd87187ee,144.72,-268.79999999999995,2023-08-19 00:43:57
b4826688-8d35-4177-b3cf-416af3ca5863,9f6a1652-1834-4fc2-8e82-9c2391972a6f,f557bd7d-e47d-4b3b-97bd-081fd87187ee,747.06,651.89,2024-06-17 14:44:50
12b82e62-39b8-45bc-835a-d78bea0fe371,9f6a1652-1834-4fc2-8e82-9c2391972a6f,f557bd7d-e47d-4b3b-97bd-081fd87187ee,435.29,933.13,2023-11-09 17:59:40
b951a458-f9a2-4f24-849a-4ebcf551e522,9f6a1652-1834-4fc2-8e82-9c2391972a6f,f557bd7d-e47d-4b3b-97bd-081fd87187ee,506.57,462.33,2024-06-24 22:50:47
ff91d0d6-7181-4b36-ac79-ba043083a7fc,9f6a1652-1834-4fc2-8e82-9c2391972a6f,f557bd7d-e47d-4b3b-97bd-081fd87187ee,513.2,264.77000000000004,2024-06-07 07:39:08
67d87324-9c7e-4b15-b293-7460b68ba158,9f6a1652-1834-4fc2-8e82-9c2391972a6f,f557bd7d-e47d-4b3b-97bd-081fd87187ee,925.34,426.39000000000004,2024-03-05 02:51:07
6c7a57b2-cf40-4fd4-b9aa-40990a31852e,9f6a1652-1834-4fc2-8e82-9c2391972a6f,f557bd7d-e47d-4b3b-97bd-081fd87187ee,948.46,1343.51,2024-01-19 19:17:10
0173e74d-191b-4544-baf8-a0cbfbda8206,9f6a1652-1834-4fc2-8e82-9c2391972a6f,f557bd7d-e47d-4b3b-97bd-081fd87187ee,583.02,492.40999999999997,2024-01-04 11:27:18
95e2ed19-3fca-4127-8706-3660ed6c6274,9f6a1652-1834-4fc2-8e82-9c2391972a6f,f557bd7d-e47d-4b3b-97bd-081fd87187ee,865.62,662.19,2024-08-05 00:39:38
1c5cd077-ca56-4b5b-99c4-820abf6c3f47,9f6a1652-1834-4fc2-8e82-9c2391972a6f,f557bd7d-e47d-4b3b-97bd-081fd87187ee,806.8,592.9499999999999,2024-04-24 07:26:47
b4f6360b-03fb-43f8-a492-69ba05fbcd93,9f6a1652-1834-4fc2-8e82-9c2391972a6f,f557bd7d-e47d-4b3b-97bd-081fd87187ee,704.96,447.18000000000006,2023-11-23 05:48:09
8955bac8-fdf8-429f-b98c-5a73bab8bb77,9f6a1652-1834-4fc2-8e82-9c2391972a6f,f557bd7d-e47d-4b3b-97bd-081fd87187ee,659.1,416.95000000000005,2024-07-26 05:08:56
c1cd66fb-f4bb-47e6-8261-c41c055031c3,9f6a1652-1834-4fc2-8e82-9c2391972a6f,f557bd7d-e47d-4b3b-97bd-081fd87187ee,851.19,1325.45,2023-08-26 01:29:00
3b7b106a-b412-44b0-ae39-7dc597879e44,9f6a1652-1834-4fc2-8e82-9c2391972a6f,f557bd7d-e47d-4b3b-97bd-081fd87187ee,663.05,1066.1399999999999,2024-07-26 11:51:59
3260a8b8-9d0a-4583-9030-e2b751515c95,9f6a1652-1834-4fc2-8e82-9c2391972a6f,f557bd7d-e47d-4b3b-97bd-081fd87187ee,877.76,1097.76,2024-06-25 23:51:23
3f199662-c8c6-4522-a68a-f5ea6717f8ae,9f6a1652-1834-4fc2-8e82-9c2391972a6f,f557bd7d-e47d-4b3b-97bd-081fd87187ee,860.61,442.06,2024-05-22 20:48:16
1817d84a-50ab-436e-b573-05e8e4f866cb,9f6a1652-1834-4fc2-8e82-9c2391972a6f,f557bd7d-e47d-4b3b-97bd-081fd87187ee,128.56,260.0,2024-04-27 10:17:23
220f3e0f-48d3-4a93-b71e-7b7514109c87,9f6a1652-1834-4fc2-8e82-9c2391972a6f,f557bd7d-e47d-4b3b-97bd-081fd87187ee,630.68,142.84999999999997,2023-09-16 18:28:15
364939c5-cad5-4a4a-90b6-20d61afff509,9f6a1652-1834-4fc2-8e82-9c2391972a6f,f557bd7d-e47d-4b3b-97bd-081fd87187ee,623.89,312.03999999999996,2024-01-18 09:22:17
e7d28c75-72c0-44ea-8449-cc7dd05cd66c,9f6a1652-1834-4fc2-8e82-9c2391972a6f,f557bd7d-e47d-4b3b-97bd-081fd87187ee,747.44,818.5400000000001,2023-11-23 06:54:49
a3e3c4fb-c3b8-4705-b8a2-1d66d2d89951,9f6a1652-1834-4fc2-8e82-9c2391972a6f,f557bd7d-e47d-4b3b-97bd-081fd87187ee,345.8,685.14,2023-11-21 16:56:31
2cffddcf-75fb-452e-b924-29c3092312b1,9f6a1652-1834-4fc2-8e82-9c2391972a6f,f557bd7d-e47d-4b3b-97bd-081fd87187ee,802.78,920.91,2024-03-25 00:04:43
1005304f-745e-4ee0-8003-ae954fbc7e6e,9f6a1652-1834-4fc2-8e82-9c2391972a6f,f557bd7d-e47d-4b3b-97bd-081fd87187ee,939.7,670.69,2023-12-09 23:13:31
f5be42d3-2a20-4d03-9d17-c1b71b80edb0,9f6a1652-1834-4fc2-8e82-9c2391972a6f,f557bd7d-e47d-4b3b-97bd-081fd87187ee,946.63,1276.45,2024-05-09 05:04:10
b710cf77-434f-413a-9054-e7361e09da03,9f6a1652-1834-4fc2-8e82-9c2391972a6f,f557bd7d-e47d-4b3b-97bd-081fd87187ee,564.32,281.0400000000001,2023-10-15 21:52:30
5804f4c4-2e13-4f7d-9eb7-e1718678421c,9f6a1652-1834-4fc2-8e82-9c2391972a6f,f557bd7d-e47d-4b3b-97bd-081fd87187ee,965.03,635.5999999999999,2023-11-16 13:12:09
031f03fe-f2c4-4351-93b3-f0ba66c8c39d,9f6a1652-1834-4fc2-8e82-9c2391972a6f,f557bd7d-e47d-4b3b-97bd-081fd87187ee,934.99,985.71,2023-12-22 08:24:17
42632423-6ba5-42ac-8d4c-0f63be919e87,9f6a1652-1834-4fc2-8e82-9c2391972a6f,f557bd7d-e47d-4b3b-97bd-081fd87187ee,956.03,776.3499999999999,2024-01-11 00:35:22
a196e20c-e59e-4ff1-b6a9-618db7606649,9f6a1652-1834-4fc2-8e82-9c2391972a6f,f557bd7d-e47d-4b3b-97bd-081fd87187ee,937.78,1326.55,2023-09-06 13:12:35
4c08b571-28b6-434e-9e06-4dbe52683c31,9f6a1652-1834-4fc2-8e82-9c2391972a6f,f557bd7d-e47d-4b3b-97bd-081fd87187ee,399.23,56.54000000000002,2023-08-24 09:11:37
7e306f7d-3c4b-46dc-8038-7559f123d5ad,9f6a1652-1834-4fc2-8e82-9c2391972a6f,f557bd7d-e47d-4b3b-97bd-081fd87187ee,611.38,1022.3299999999999,2024-01-11 11:42:58
5c862fb0-a8cb-482e-9e95-82b347c502a9,9f6a1652-1834-4fc2-8e82-9c2391972a6f,f557bd7d-e47d-4b3b-97bd-081fd87187ee,842.77,419.28999999999996,2024-04-04 16:13:07
1b4c38a2-8e05-4e04-a758-0076a9e5be6e,9f6a1652-1834-4fc2-8e82-9c2391972a6f,f557bd7d-e47d-4b3b-97bd-081fd87187ee,310.75,495.52,2024-05-23 10:43:35
e445774a-2935-4d8e-9890-e86538b89d46,9f6a1652-1834-4fc2-8e82-9c2391972a6f,f557bd7d-e47d-4b3b-97bd-081fd87187ee,218.21,248.56,2024-06-03 15:34:51
7871aa23-7ec5-49fa-9417-4e5df58e405b,9f6a1652-1834-4fc2-8e82-9c2391972a6f,f557bd7d-e47d-4b3b-97bd-081fd87187ee,578.27,501.06,2023-10-09 12:11:33
01a79c3d-f64d-4948-bc12-0a8c9e94e484,9f6a1652-1834-4fc2-8e82-9c2391972a6f,f557bd7d-e47d-4b3b-97bd-081fd87187ee,394.07,61.06,2024-01-08 02:20:40
cf92be74-1459-4a50-b1bd-d6bf4b809dc3,9f6a1652-1834-4fc2-8e82-9c2391972a6f,f557bd7d-e47d-4b3b-97bd-081fd87187ee,500.62,359.07,2024-05-25 08:22:53
46832fb8-6b7e-4ef2-abed-6c59a5f98f78,9f6a1652-1834-4fc2-8e82-9c2391972a6f,f557bd7d-e47d-4b3b-97bd-081fd87187ee,409.38,61.18000000000001,2024-05-03 18:25:28
7923e5ac-7768-4f1a-b509-a576e1acc4dc,9f6a1652-1834-4fc2-8e82-9c2391972a6f,f557bd7d-e47d-4b3b-97bd-081fd87187ee,654.21,1021.84,2024-05-17 10:11:06
ec000ecf-8d8e-4367-9460-1af7b5d658ef,9f6a1652-1834-4fc2-8e82-9c2391972a6f,f557bd7d-e47d-4b3b-97bd-081fd87187ee,946.03,1232.07,2024-05-25 12:24:28
07cae566-da33-4157-a840-39f27464ef29,9f6a1652-1834-4fc2-8e82-9c2391972a6f,f557bd7d-e47d-4b3b-97bd-081fd87187ee,675.97,1112.37,2024-01-13 23:12:13
cc74f5a6-85c6-4f10-9cf2-74f1ad34073a,9f6a1652-1834-4fc2-8e82-9c2391972a6f,f557bd7d-e47d-4b3b-97bd-081fd87187ee,438.54,-29.849999999999966,2023-12-20 08:03:36
4ecf3fa5-c8de-407e-88ba-74c5cb98a384,9f6a1652-1834-4fc2-8e82-9c2391972a6f,f557bd7d-e47d-4b3b-97bd-081fd87187ee,587.36,423.32000000000005,2024-04-12 04:43:06
f1755543-1b98-42aa-937d-8c3a0142c4e8,9f6a1652-1834-4fc2-8e82-9c2391972a6f,f557bd7d-e47d-4b3b-97bd-081fd87187ee,270.21,285.84,2024-03-27 13:58:16
8e14a62b-9cf4-4d7c-9ded-da86e944b1ae,9f6a1652-1834-4fc2-8e82-9c2391972a6f,f557bd7d-e47d-4b3b-97bd-081fd87187ee,213.88,346.53,2024-06-14 20:45:50
85ae2743-fbcc-45b7-a251-64a47991088f,9f6a1652-1834-4fc2-8e82-9c2391972a6f,f557bd7d-e47d-4b3b-97bd-081fd87187ee,728.03,1191.6,2024-07-27 02:25:49
174c14a0-73bf-480e-af90-7d0a9e2b5eed,9f6a1652-1834-4fc2-8e82-9c2391972a6f,f557bd7d-e47d-4b3b-97bd-081fd87187ee,804.96,1103.68,2024-07-28 20:12:13
11f5316a-b773-4b18-9983-52ea792f5c41,9f6a1652-1834-4fc2-8e82-9c2391972a6f,f557bd7d-e47d-4b3b-97bd-081fd87187ee,914.72,1173.14,2024-02-19 06:23:08
cc16182e-1e63-491a-99cb-8909454b38f7,9f6a1652-1834-4fc2-8e82-9c2391972a6f,f557bd7d-e47d-4b3b-97bd-081fd87187ee,672.03,1013.21,2023-08-31 02:55:18
8e35068f-9319-464c-9045-fb8cb56e1b55,9f6a1652-1834-4fc2-8e82-9c2391972a6f,f557bd7d-e47d-4b3b-97bd-081fd87187ee,123.73,52.11,2023-12-02 02:48:26
078125ed-d8fd-4b61-a96f-46ba00453b10,9f6a1652-1834-4fc2-8e82-9c2391972a6f,f557bd7d-e47d-4b3b-97bd-081fd87187ee,943.65,758.96,2024-04-01 14:13:22
5cbf4814-c296-47b8-9d7b-36c38aba9c42,9f6a1652-1834-4fc2-8e82-9c2391972a6f,f557bd7d-e47d-4b3b-97bd-081fd87187ee,662.51,355.23,2024-01-26 10:05:39
a0f0c6e5-749c-4501-bc41-ef6ec4f19dee,9f6a1652-1834-4fc2-8e82-9c2391972a6f,f557bd7d-e47d-4b3b-97bd-081fd87187ee,478.34,961.24,2023-10-26 16:20:45
d4887699-9071-4845-a0f3-2459ede71e70,9f6a1652-1834-4fc2-8e82-9c2391972a6f,f557bd7d-e47d-4b3b-97bd-081fd87187ee,916.55,1082.0,2024-07-30 19:12:14
50e18870-ef26-4c2c-a8db-8953ab27ccf7,9f6a1652-1834-4fc2-8e82-9c2391972a6f,f557bd7d-e47d-4b3b-97bd-081fd87187ee,998.13,684.76,2024-04-15 19:49:10
1f82bd8a-0f80-4d71-953c-4c27a64dacb3,9f6a1652-1834-4fc2-8e82-9c2391972a6f,f557bd7d-e47d-4b3b-97bd-081fd87187ee,633.37,1110.99,2024-04-08 22:03:28
59a02800-b15b-4b8d-8ac5-45ee7f4ee214,9f6a1652-1834-4fc2-8e82-9c2391972a6f,f557bd7d-e47d-4b3b-97bd-081fd87187ee,733.31,751.6899999999999,2023-08-11 02:37:33
f6a5209b-043c-478e-8f4f-c981e5b7902f,9f6a1652-1834-4fc2-8e82-9c2391972a6f,f557bd7d-e47d-4b3b-97bd-081fd87187ee,791.74,555.7,2023-08-19 15:29:22
a966d698-8a92-429c-b7e6-634fdc1c099c,9f6a1652-1834-4fc2-8e82-9c2391972a6f,f557bd7d-e47d-4b3b-97bd-081fd87187ee,705.46,834.25,2024-06-30 18:34:58
d57f6057-6c52-48af-be75-d3cd7f354ed3,9f6a1652-1834-4fc2-8e82-9c2391972a6f,f557bd7d-e47d-4b3b-97bd-081fd87187ee,958.73,994.1700000000001,2024-06-07 10:22:50
68f01851-d86d-405c-ab50-6ffaef11f6bb,9f6a1652-1834-4fc2-8e82-9c2391972a6f,f557bd7d-e47d-4b3b-97bd-081fd87187ee,304.66,344.35,2023-08-29 21:24:10
c475a957-168f-462b-a9f9-ba2fc5b1b0d8,9f6a1652-1834-4fc2-8e82-9c2391972a6f,f557bd7d-e47d-4b3b-97bd-081fd87187ee,853.13,1081.07,2024-07-14 19:14:04
e7166ea9-ca46-4cd9-a904-50e51874bb40,9f6a1652-1834-4fc2-8e82-9c2391972a6f,f557bd7d-e47d-4b3b-97bd-081fd87187ee,395.77,559.27,2023-12-28 16:54:54
d62c7f9c-9e77-400a-ad28-2ca6f803a3e6,9f6a1652-1834-4fc2-8e82-9c2391972a6f,f557bd7d-e47d-4b3b-97bd-081fd87187ee,967.12,1083.11,2024-03-16 21:31:31
e994ddc2-30c8-45d4-b214-3b49e172f47e,9f6a1652-1834-4fc2-8e82-9c2391972a6f,f557bd7d-e47d-4b3b-97bd-081fd87187ee,621.38,752.5799999999999,2023-12-07 12:04:59
3e4fb387-cde5-4ce1-80a3-8e3216f185f2,9f6a1652-1834-4fc2-8e82-9c2391972a6f,f557bd7d-e47d-4b3b-97bd-081fd87187ee,756.83,1088.5500000000002,2024-04-26 02:32:11
26f8db89-d695-416a-846c-c1fe1a23828d,9f6a1652-1834-4fc2-8e82-9c2391972a6f,f557bd7d-e47d-4b3b-97bd-081fd87187ee,914.9,1243.17,2024-02-07 14:40:27
860bd3b3-5d43-4c39-803d-d7ea62dc97bd,9f6a1652-1834-4fc2-8e82-9c2391972a6f,f557bd7d-e47d-4b3b-97bd-081fd87187ee,635.29,148.53999999999996,2024-02-04 14:25:45
9c4a3229-59b7-430d-a9bf-1980a2536546,9f6a1652-1834-4fc2-8e82-9c2391972a6f,f557bd7d-e47d-4b3b-97bd-081fd87187ee,518.48,242.84000000000003,2024-03-26 07:13:21
5169d1e7-e028-484c-ab2a-2adb04a2997d,9f6a1652-1834-4fc2-8e82-9c2391972a6f,f557bd7d-e47d-4b3b-97bd-081fd87187ee,253.9,347.58000000000004,2024-03-08 10:14:51
1acae6d7-fe75-41c6-95f9-e0e53fa144c5,9f6a1652-1834-4fc2-8e82-9c2391972a6f,f557bd7d-e47d-4b3b-97bd-081fd87187ee,661.81,357.75999999999993,2024-01-01 22:10:14
9e13510b-750b-4467-991e-b95d80ceed58,9f6a1652-1834-4fc2-8e82-9c2391972a6f,f557bd7d-e47d-4b3b-97bd-081fd87187ee,695.89,943.63,2024-01-26 04:31:22
b35151a1-2a7c-4995-b999-43668f382e66,9f6a1652-1834-4fc2-8e82-9c2391972a6f,f557bd7d-e47d-4b3b-97bd-081fd87187ee,756.95,406.20000000000005,2023-10-05 18:33:39
eb9790f2-6d3a-4166-8bb6-10a5da73a06d,9f6a1652-1834-4fc2-8e82-9c2391972a6f,f557bd7d-e47d-4b3b-97bd-081fd87187ee,264.85,287.03000000000003,2024-07-30 03:53:18
7209728c-e20d-469c-a39e-3a0447a23075,9f6a1652-1834-4fc2-8e82-9c2391972a6f,f557bd7d-e47d-4b3b-97bd-081fd87187ee,911.3,691.3699999999999,2024-05-02 02:55:04
a7850038-1a3a-4a95-b2d9-2d8326997a7f,9f6a1652-1834-4fc2-8e82-9c2391972a6f,f557bd7d-e47d-4b3b-97bd-081fd87187ee,800.4,913.25,2023-08-15 00:09:48
fb4cf9b6-da71-4db6-92a5-ef21e7ce4dd4,9f6a1652-1834-4fc2-8e82-9c2391972a6f,f557bd7d-e47d-4b3b-97bd-081fd87187ee,879.78,1081.8899999999999,2023-12-27 15:08:11
3cc1dcd7-bef9-43fc-826d-e02c50df6999,9f6a1652-1834-4fc2-8e82-9c2391972a6f,f557bd7d-e47d-4b3b-97bd-081fd87187ee,210.19,-119.20999999999998,2024-04-11 15:12:03
51c85bfc-f1bb-4dcb-9e08-ba4e5ae8ebde,9f6a1652-1834-4fc2-8e82-9c2391972a6f,f557bd7d-e47d-4b3b-97bd-081fd87187ee,992.96,1015.5400000000001,2023-08-18 19:26:44
c8668fda-4135-4b1f-912e-c3f8a1911eb4,9f6a1652-1834-4fc2-8e82-9c2391972a6f,f557bd7d-e47d-4b3b-97bd-081fd87187ee,746.86,710.46,2024-04-20 11:50:22
857ff965-7cf4-4d16-bad1-b4916891b2c2,9f6a1652-1834-4fc2-8e82-9c2391972a6f,f557bd7d-e47d-4b3b-97bd-081fd87187ee,158.24,101.54,2024-02-08 06:48:17
5ed70139-0d03-4ea8-a471-ae6223d6abed,9f6a1652-1834-4fc2-8e82-9c2391972a6f,f557bd7d-e47d-4b3b-97bd-081fd87187ee,813.35,922.88,2024-06-26 11:49:48
53ee1cf1-467d-4b28-a80d-8a68daad9533,9f6a1652-1834-4fc2-8e82-9c2391972a6f,f557bd7d-e47d-4b3b-97bd-081fd87187ee,353.92,-9.310000000000002,2023-10-29 02:37:06
d33613a0-b066-4b2f-8623-77f8a386d0f7,9f6a1652-1834-4fc2-8e82-9c2391972a6f,f557bd7d-e47d-4b3b-97bd-081fd87187ee,139.99,76.97,2024-05-09 12:08:55
93315dfb-a9a1-4ab2-9d3f-a2a5387a7e76,9f6a1652-1834-4fc2-8e82-9c2391972a6f,f557bd7d-e47d-4b3b-97bd-081fd87187ee,968.41,934.63,2024-07-22 03:27:42
ac39bac1-0b9c-4345-a8b3-51e005cb3f8b,9f6a1652-1834-4fc2-8e82-9c2391972a6f,f557bd7d-e47d-4b3b-97bd-081fd87187ee,630.87,530.06,2024-04-24 11:55:21
ba7d89fa-a000-4de5-a341-e53306723ccd,9f6a1652-1834-4fc2-8e82-9c2391972a6f,f557bd7d-e47d-4b3b-97bd-081fd87187ee,512.32,133.09000000000003,2023-08-09 04:58:24
9963b360-ca57-4d19-832a-fbec8326e8c7,9f6a1652-1834-4fc2-8e82-9c2391972a6f,f557bd7d-e47d-4b3b-97bd-081fd87187ee,589.85,903.27,2023-11-14 06:19:19
fed11534-e161-4c23-8718-0c5dfdf59b54,9f6a1652-1834-4fc2-8e82-9c2391972a6f,f557bd7d-e47d-4b3b-97bd-081fd87187ee,192.86,76.62000000000002,2024-07-25 08:28:03
e1772988-abd5-4a28-96fb-cc97256cca15,9f6a1652-1834-4fc2-8e82-9c2391972a6f,f557bd7d-e47d-4b3b-97bd-081fd87187ee,924.27,1068.29,2024-07-21 13:33:02
0a2e7136-8db4-40d4-8abd-102c4c29b007,9f6a1652-1834-4fc2-8e82-9c2391972a6f,f557bd7d-e47d-4b3b-97bd-081fd87187ee,410.81,108.56,2023-12-10 17:06:12
eac18368-7ead-4403-b837-7e608ad8023f,9f6a1652-1834-4fc2-8e82-9c2391972a6f,f557bd7d-e47d-4b3b-97bd-081fd87187ee,231.57,-175.93,2024-06-01 02:34:46
2474e803-ca04-4393-985f-0110ae250206,9f6a1652-1834-4fc2-8e82-9c2391972a6f,f557bd7d-e47d-4b3b-97bd-081fd87187ee,503.46,691.26,2023-10-04 11:36:36
5a7ce270-92f0-4780-ad22-b7f5626c92c3,9f6a1652-1834-4fc2-8e82-9c2391972a6f,f557bd7d-e47d-4b3b-97bd-081fd87187ee,915.57,669.3900000000001,2024-06-14 21:18:06
4d9fcee0-0ca6-422a-ad37-95e84d966199,9f6a1652-1834-4fc2-8e82-9c2391972a6f,f557bd7d-e47d-4b3b-97bd-081fd87187ee,994.91,677.8199999999999,2023-09-29 05:42:40
183ea534-e962-424d-b0e5-353f4f3493b4,9f6a1652-1834-4fc2-8e82-9c2391972a6f,f557bd7d-e47d-4b3b-97bd-081fd87187ee,652.93,964.91,2023-09-16 13:24:45
6a0f7d16-ecb0-4fa6-921d-0b014abf5436,9f6a1652-1834-4fc2-8e82-9c2391972a6f,f557bd7d-e47d-4b3b-97bd-081fd87187ee,179.82,309.0,2024-02-25 21:47:57
7d07377c-a745-4b10-9df3-9d82c7a545d9,9f6a1652-1834-4fc2-8e82-9c2391972a6f,f557bd7d-e47d-4b3b-97bd-081fd87187ee,614.26,997.54,2024-06-28 07:48:59
95eec9d6-c8d0-4682-b304-60170397fa49,9f6a1652-1834-4fc2-8e82-9c2391972a6f,f557bd7d-e47d-4b3b-97bd-081fd87187ee,545.81,653.76,2023-11-09 07:06:18
ca0d6cbd-184d-43bc-a31d-0870c44cd181,9f6a1652-1834-4fc2-8e82-9c2391972a6f,f557bd7d-e47d-4b3b-97bd-081fd87187ee,877.62,1060.54,2023-09-09 10:16:31
474047d1-f1ae-4d1d-89a7-bdf3366367c6,9f6a1652-1834-4fc2-8e82-9c2391972a6f,f557bd7d-e47d-4b3b-97bd-081fd87187ee,371.87,-112.05000000000001,2024-05-02 11:10:09
6d6edab4-399c-47ce-8f73-39cd104407a2,9f6a1652-1834-4fc2-8e82-9c2391972a6f,f557bd7d-e47d-4b3b-97bd-081fd87187ee,231.42,594.5699999999999,2023-11-30 21:10:34
7f888a37-4235-455e-aae1-fe2ee5ef43b7,9f6a1652-1834-4fc2-8e82-9c2391972a6f,f557bd7d-e47d-4b3b-97bd-081fd87187ee,674.79,711.17,2023-12-30 09:01:55
b43d1d13-fa74-425f-a18b-1a2e0812d8cb,9f6a1652-1834-4fc2-8e82-9c2391972a6f,f557bd7d-e47d-4b3b-97bd-081fd87187ee,667.44,500.4100000000001,2024-02-03 16:47:01
3b388682-84a9-4e65-8b31-2e8b63c658ac,9f6a1652-1834-4fc2-8e82-9c2391972a6f,f557bd7d-e47d-4b3b-97bd-081fd87187ee,769.68,719.15,2024-06-21 02:42:58
c7d8d1cc-a78f-47ae-8156-a6dd7b466a5e,9f6a1652-1834-4fc2-8e82-9c2391972a6f,f557bd7d-e47d-4b3b-97bd-081fd87187ee,683.86,270.18,2023-09-12 22:11:41
f51cba32-1046-44c5-8997-76e1eec8072b,9f6a1652-1834-4fc2-8e82-9c2391972a6f,f557bd7d-e47d-4b3b-97bd-081fd87187ee,958.85,828.24,2024-01-18 01:44:44
33b3d115-49b7-494f-9078-36754da4e493,9f6a1652-1834-4fc2-8e82-9c2391972a6f,f557bd7d-e47d-4b3b-97bd-081fd87187ee,414.48,41.700000000000045,2023-08-25 20:14:37
ddb58a68-9aa1-4686-b117-f832ecab0b2f,9f6a1652-1834-4fc2-8e82-9c2391972a6f,f557bd7d-e47d-4b3b-97bd-081fd87187ee,885.87,993.71,2024-03-29 22:25:58
864502a8-a878-4b7a-9a77-9e54c8316f3c,9f6a1652-1834-4fc2-8e82-9c2391972a6f,f557bd7d-e47d-4b3b-97bd-081fd87187ee,112.77,453.07,2024-08-02 16:05:52
28226bd5-eca8-472b-b428-90ae5aa09ff2,9f6a1652-1834-4fc2-8e82-9c2391972a6f,f557bd7d-e47d-4b3b-97bd-081fd87187ee,494.59,234.96999999999997,2024-06-12 01:56:02
c5e9d557-de56-4092-ac47-14d2bef19573,9f6a1652-1834-4fc2-8e82-9c2391972a6f,f557bd7d-e47d-4b3b-97bd-081fd87187ee,511.63,213.14999999999998,2024-07-03 11:57:40
eab592e6-137b-4a85-aef0-c3a8f2ff2d05,9f6a1652-1834-4fc2-8e82-9c2391972a6f,f557bd7d-e47d-4b3b-97bd-081fd87187ee,651.86,932.97,2023-12-18 10:55:36
91880f10-cfaf-4057-9333-a82a0ac41254,9f6a1652-1834-4fc2-8e82-9c2391972a6f,f557bd7d-e47d-4b3b-97bd-081fd87187ee,829.69,703.4300000000001,2023-08-25 02:27:31
946b94e5-9f75-4067-ae7d-37f048fde082,9f6a1652-1834-4fc2-8e82-9c2391972a6f,f557bd7d-e47d-4b3b-97bd-081fd87187ee,195.44,131.85,2024-05-28 17:14:28
c2ffd01e-005b-4b52-869d-4fe0b5837793,9f6a1652-1834-4fc2-8e82-9c2391972a6f,f557bd7d-e47d-4b3b-97bd-081fd87187ee,196.03,571.88,2023-09-29 03:23:23
10034d16-98c1-4cb1-ab4a-aaa46f34531e,9f6a1652-1834-4fc2-8e82-9c2391972a6f,f557bd7d-e47d-4b3b-97bd-081fd87187ee,937.63,534.0799999999999,2024-03-14 21:29:27
0fe3b3e8-438b-4a8b-82ca-d064c3157733,9f6a1652-1834-4fc2-8e82-9c2391972a6f,f557bd7d-e47d-4b3b-97bd-081fd87187ee,672.4,1067.56,2024-05-25 11:32:36
f063515b-5d42-46d3-b94f-27b43d1f370c,9f6a1652-1834-4fc2-8e82-9c2391972a6f,f557bd7d-e47d-4b3b-97bd-081fd87187ee,205.36,88.66000000000001,2023-11-08 11:34:48
6de0e308-ebb9-4de3-8620-bc9153bda8b9,9f6a1652-1834-4fc2-8e82-9c2391972a6f,f557bd7d-e47d-4b3b-97bd-081fd87187ee,518.96,348.47,2023-12-11 10:45:11
193c70df-74ce-4878-91e4-3f7b5d218c56,9f6a1652-1834-4fc2-8e82-9c2391972a6f,f557bd7d-e47d-4b3b-97bd-081fd87187ee,706.52,819.47,2024-04-24 17:08:48
c397ca43-715f-4aca-b69d-99a20f4b831d,9f6a1652-1834-4fc2-8e82-9c2391972a6f,f557bd7d-e47d-4b3b-97bd-081fd87187ee,605.39,419.29999999999995,2024-07-02 19:56:25
34f28e5a-12e1-4248-993b-a0e6b93c4907,9f6a1652-1834-4fc2-8e82-9c2391972a6f,f557bd7d-e47d-4b3b-97bd-081fd87187ee,531.71,678.5400000000001,2024-03-17 13:24:50
f0989ed4-7195-4535-92c9-c3a21ee5177d,9f6a1652-1834-4fc2-8e82-9c2391972a6f,f557bd7d-e47d-4b3b-97bd-081fd87187ee,735.28,555.43,2024-05-26 22:28:07
5e355b0f-7311-4699-95fa-ab36301d85db,9f6a1652-1834-4fc2-8e82-9c2391972a6f,f557bd7d-e47d-4b3b-97bd-081fd87187ee,602.08,441.57000000000005,2023-09-30 05:17:46
d58d10f9-58e0-4e30-96ef-5a74e9286d0c,9f6a1652-1834-4fc2-8e82-9c2391972a6f,f557bd7d-e47d-4b3b-97bd-081fd87187ee,275.41,370.03000000000003,2023-08-29 04:36:04
d618d81f-f022-43d1-976d-69092ed1558d,9f6a1652-1834-4fc2-8e82-9c2391972a6f,f557bd7d-e47d-4b3b-97bd-081fd87187ee,770.41,477.95,2024-01-27 00:47:08
fd2b4377-8a18-4357-88cd-8fc69b11ec47,9f6a1652-1834-4fc2-8e82-9c2391972a6f,f557bd7d-e47d-4b3b-97bd-081fd87187ee,213.08,217.85000000000002,2024-06-20 04:55:32
18732c1d-5442-423a-85df-c602c7e16831,9f6a1652-1834-4fc2-8e82-9c2391972a6f,f557bd7d-e47d-4b3b-97bd-081fd87187ee,654.54,681.6899999999999,2024-04-10 01:19:44
fabe6dfe-effd-49f8-90a8-9878d617a960,9f6a1652-1834-4fc2-8e82-9c2391972a6f,f557bd7d-e47d-4b3b-97bd-081fd87187ee,804.05,902.23,2023-12-15 10:50:09
2e75d4a0-2e8b-41d9-9366-b898df305211,9f6a1652-1834-4fc2-8e82-9c2391972a6f,f557bd7d-e47d-4b3b-97bd-081fd87187ee,571.8,90.77999999999997,2024-02-01 16:56:57
a9b8ff70-83a2-4a04-9510-fd4ae25a2c7c,9f6a1652-1834-4fc2-8e82-9c2391972a6f,f557bd7d-e47d-4b3b-97bd-081fd87187ee,884.86,711.25,2023-09-04 15:24:45
917aa4df-3fd2-4999-9b3f-1fac6dabf556,9f6a1652-1834-4fc2-8e82-9c2391972a6f,f557bd7d-e47d-4b3b-97bd-081fd87187ee,674.55,726.0899999999999,2024-02-14 11:16:34
7442cad7-b0df-4278-9fd6-dfc617133d18,9f6a1652-1834-4fc2-8e82-9c2391972a6f,f557bd7d-e47d-4b3b-97bd-081fd87187ee,762.03,1092.97,2023-08-16 20:30:25
e4eb9fe4-c997-4472-b430-96c502fd77f3,9f6a1652-1834-4fc2-8e82-9c2391972a6f,f557bd7d-e47d-4b3b-97bd-081fd87187ee,619.14,1051.5,2024-04-15 08:07:28
0ead2eb7-8d9b-4ab2-8971-c774fa7dc22b,9f6a1652-1834-4fc2-8e82-9c2391972a6f,f557bd7d-e47d-4b3b-97bd-081fd87187ee,908.73,1331.23,2024-06-06 08:08:39
762cbf7b-4188-4f1b-bbcb-3098d88d8cfd,9f6a1652-1834-4fc2-8e82-9c2391972a6f,f557bd7d-e47d-4b3b-97bd-081fd87187ee,476.14,406.62,2024-05-30 16:47:36
82c53826-000d-40dc-81bc-ddfeeeb3f154,9f6a1652-1834-4fc2-8e82-9c2391972a6f,f557bd7d-e47d-4b3b-97bd-081fd87187ee,181.88,415.68,2023-10-16 18:15:06
7472169a-c21a-43dd-a2ad-c83b47030e65,9f6a1652-1834-4fc2-8e82-9c2391972a6f,f557bd7d-e47d-4b3b-97bd-081fd87187ee,268.93,190.78,2024-06-14 05:05:23
16b57b4b-6f69-46c0-991a-0836a88688f1,9f6a1652-1834-4fc2-8e82-9c2391972a6f,f557bd7d-e47d-4b3b-97bd-081fd87187ee,716.17,297.25999999999993,2023-12-13 07:26:11
035b4bb3-c23f-400f-b332-1bb1a84f1a87,9f6a1652-1834-4fc2-8e82-9c2391972a6f,f557bd7d-e47d-4b3b-97bd-081fd87187ee,729.57,1208.46,2024-02-09 06:36:45
608dae47-b57e-4ed5-8efd-a1a6016a32b9,9f6a1652-1834-4fc2-8e82-9c2391972a6f,f557bd7d-e47d-4b3b-97bd-081fd87187ee,670.47,324.52000000000004,2024-03-27 08:40:17
01f22185-180a-4d32-b2e4-7bd2add00cf1,9f6a1652-1834-4fc2-8e82-9c2391972a6f,f557bd7d-e47d-4b3b-97bd-081fd87187ee,790.15,836.62,2023-12-31 04:53:25
af74e296-c6e0-4b7f-9f55-2399d7d4064b,9f6a1652-1834-4fc2-8e82-9c2391972a6f,f557bd7d-e47d-4b3b-97bd-081fd87187ee,961.45,1281.0700000000002,2023-09-20 04:10:59
1c85ffd7-42f2-4d8a-9693-2be8f80710e6,9f6a1652-1834-4fc2-8e82-9c2391972a6f,f557bd7d-e47d-4b3b-97bd-081fd87187ee,634.21,984.1300000000001,2024-05-11 07:28:35
429993cb-c404-4d02-9983-b8d9d803291b,9f6a1652-1834-4fc2-8e82-9c2391972a6f,f557bd7d-e47d-4b3b-97bd-081fd87187ee,790.56,633.04,2024-02-15 01:21:34
c2e67fde-9e72-49b9-af56-d9b40c24d4ab,9f6a1652-1834-4fc2-8e82-9c2391972a6f,f557bd7d-e47d-4b3b-97bd-081fd87187ee,834.31,1008.0899999999999,2024-04-20 01:16:26
c39eaf92-f769-46ba-af58-f6a0c4a5503e,9f6a1652-1834-4fc2-8e82-9c2391972a6f,f557bd7d-e47d-4b3b-97bd-081fd87187ee,539.32,716.82,2024-04-01 14:23:44
6ac12f60-75f0-4df6-a8bc-f9b920e9c7fa,9f6a1652-1834-4fc2-8e82-9c2391972a6f,f557bd7d-e47d-4b3b-97bd-081fd87187ee,184.35,640.23,2023-10-05 22:39:23
af360f66-e5df-4892-b944-33dc94db92f7,9f6a1652-1834-4fc2-8e82-9c2391972a6f,f557bd7d-e47d-4b3b-97bd-081fd87187ee,998.89,1280.05,2023-11-18 05:52:26
42f06d9e-82e3-4d9a-96ca-699cc75ef2db,9f6a1652-1834-4fc2-8e82-9c2391972a6f,f557bd7d-e47d-4b3b-97bd-081fd87187ee,348.42,815.54,2024-06-25 00:39:20
24bde269-a28a-4eda-a48b-aa59d2eb52f2,9f6a1652-1834-4fc2-8e82-9c2391972a6f,f557bd7d-e47d-4b3b-97bd-081fd87187ee,612.19,339.63000000000005,2024-02-15 15:23:26
5907cd8f-70e9-4cfc-92c0-742fdf466589,9f6a1652-1834-4fc2-8e82-9c2391972a6f,f557bd7d-e47d-4b3b-97bd-081fd87187ee,958.59,829.54,2024-02-03 20:37:11
9b6cf5af-b1a7-4707-8397-d2be22a1beb0,9f6a1652-1834-4fc2-8e82-9c2391972a6f,f557bd7d-e47d-4b3b-97bd-081fd87187ee,982.15,1169.61,2024-01-14 05:13:15
dd76d569-5bbf-4121-bcd7-1d4739b51f6d,9f6a1652-1834-4fc2-8e82-9c2391972a6f,f557bd7d-e47d-4b3b-97bd-081fd87187ee,596.03,950.23,2023-09-12 12:35:40
2fc1b950-1977-4ca6-b314-beb7a55d9e8d,9f6a1652-1834-4fc2-8e82-9c2391972a6f,f557bd7d-e47d-4b3b-97bd-081fd87187ee,237.36,276.45000000000005,2024-05-18 22:57:55
eef114cc-dcf6-4e00-ae2a-00d1aac04f03,9f6a1652-1834-4fc2-8e82-9c2391972a6f,f557bd7d-e47d-4b3b-97bd-081fd87187ee,375.6,240.11,2024-06-07 05:05:07
50a0469d-f0f8-4133-b8b3-371bb02d561c,9f6a1652-1834-4fc2-8e82-9c2391972a6f,f557bd7d-e47d-4b3b-97bd-081fd87187ee,424.14,337.54999999999995,2024-01-02 08:54:51
2cce7cad-6320-4cf4-ae43-a802f8af8414,9f6a1652-1834-4fc2-8e82-9c2391972a6f,f557bd7d-e47d-4b3b-97bd-081fd87187ee,718.61,1080.29,2024-03-19 21:35:19
3234a182-268f-4697-8a9f-88c61ec86b5a,9f6a1652-1834-4fc2-8e82-9c2391972a6f,f557bd7d-e47d-4b3b-97bd-081fd87187ee,954.99,1258.67,2024-01-24 06:16:12
4b1502d9-f98e-4e6a-854f-6dd1f3c8ad65,9f6a1652-1834-4fc2-8e82-9c2391972a6f,f557bd7d-e47d-4b3b-97bd-081fd87187ee,404.57,435.77,2024-03-31 20:07:37
b21f6189-79f7-48b0-826f-34101aee13d0,9f6a1652-1834-4fc2-8e82-9c2391972a6f,f557bd7d-e47d-4b3b-97bd-081fd87187ee,757.07,908.9000000000001,2023-09-26 18:21:47
29f683af-574a-4659-937a-25b9c052310d,9f6a1652-1834-4fc2-8e82-9c2391972a6f,f557bd7d-e47d-4b3b-97bd-081fd87187ee,927.68,498.9,2024-05-14 00:49:57
8d02bfa5-acf0-46d2-8df0-2bd56f54e6b6,9f6a1652-1834-4fc2-8e82-9c2391972a6f,f557bd7d-e47d-4b3b-97bd-081fd87187ee,858.76,521.86,2023-08-21 21:04:13
d3ec8ef2-72f9-405e-bdb3-342e3b4e277d,9f6a1652-1834-4fc2-8e82-9c2391972a6f,f557bd7d-e47d-4b3b-97bd-081fd87187ee,234.96,159.53,2024-03-17 22:58:26
3168c262-b175-40e0-ad0c-783aa6b53a3e,9f6a1652-1834-4fc2-8e82-9c2391972a6f,f557bd7d-e47d-4b3b-97bd-081fd87187ee,289.4,-164.28000000000003,2023-11-14 07:41:03
b02ac133-fe97-4f7b-a084-b197175689ea,9f6a1652-1834-4fc2-8e82-9c2391972a6f,f557bd7d-e47d-4b3b-97bd-081fd87187ee,297.71,767.0,2024-04-15 16:17:25
0c0262f1-718e-4f2f-bb8f-165c1c01b8d9,9f6a1652-1834-4fc2-8e82-9c2391972a6f,f557bd7d-e47d-4b3b-97bd-081fd87187ee,482.74,258.67,2024-01-06 11:47:04
5cd94c5b-a8ca-47b3-b53e-daebba56bcbd,9f6a1652-1834-4fc2-8e82-9c2391972a6f,f557bd7d-e47d-4b3b-97bd-081fd87187ee,970.31,652.02,2023-10-19 16:57:37
3e8976e3-c47d-411e-9bf2-ab4da1fead07,9f6a1652-1834-4fc2-8e82-9c2391972a6f,f557bd7d-e47d-4b3b-97bd-081fd87187ee,256.21,567.19,2024-02-23 01:32:43
2967ea51-d05f-4add-97c7-59464e98257a,9f6a1652-1834-4fc2-8e82-9c2391972a6f,f557bd7d-e47d-4b3b-97bd-081fd87187ee,246.02,342.06,2023-12-14 16:23:00
1ae02293-83dc-40d6-91a0-935b57676efb,9f6a1652-1834-4fc2-8e82-9c2391972a6f,f557bd7d-e47d-4b3b-97bd-081fd87187ee,211.55,556.5699999999999,2023-10-27 16:10:39
9b524ed0-a473-4b95-851f-aa9ab2a2e806,9f6a1652-1834-4fc2-8e82-9c2391972a6f,f557bd7d-e47d-4b3b-97bd-081fd87187ee,226.7,173.27999999999997,2023-12-19 02:12:05
69e2b873-18b2-4a93-b0c1-5fdd25d47217,9f6a1652-1834-4fc2-8e82-9c2391972a6f,f557bd7d-e47d-4b3b-97bd-081fd87187ee,379.85,82.69,2024-01-07 01:50:14
a4d7e799-6ad5-43be-802b-4db2f335fee5,9f6a1652-1834-4fc2-8e82-9c2391972a6f,f557bd7d-e47d-4b3b-97bd-081fd87187ee,483.2,43.099999999999966,2024-06-09 02:45:54
d7b3800e-3784-432d-8873-b94042c4b6ab,9f6a1652-1834-4fc2-8e82-9c2391972a6f,f557bd7d-e47d-4b3b-97bd-081fd87187ee,239.07,473.81,2023-11-27 18:40:34
db069f3d-2e4d-4810-a6cc-598a88c246a0,9f6a1652-1834-4fc2-8e82-9c2391972a6f,f557bd7d-e47d-4b3b-97bd-081fd87187ee,915.59,1070.64,2023-09-17 07:40:38
eaef9989-b5d8-40e1-9192-721920415868,9f6a1652-1834-4fc2-8e82-9c2391972a6f,f557bd7d-e47d-4b3b-97bd-081fd87187ee,500.03,597.8,2024-05-05 12:07:03
edb7cc1f-572d-4aa3-bf2c-7ecfa4483f85,9f6a1652-1834-4fc2-8e82-9c2391972a6f,f557bd7d-e47d-4b3b-97bd-081fd87187ee,243.03,-231.55999999999997,2023-09-08 16:41:21
9fbdf46b-86cf-4a08-aeb6-30c4495141ef,9f6a1652-1834-4fc2-8e82-9c2391972a6f,f557bd7d-e47d-4b3b-97bd-081fd87187ee,897.2,579.4200000000001,2024-04-17 21:19:23
2464d8a0-6bfe-4d2f-a38b-086d3aaa01e9,9f6a1652-1834-4fc2-8e82-9c2391972a6f,f557bd7d-e47d-4b3b-97bd-081fd87187ee,984.89,821.71,2024-06-06 02:11:55
2ff440a4-6171-406c-85a4-477b5f3d1a5d,9f6a1652-1834-4fc2-8e82-9c2391972a6f,f557bd7d-e47d-4b3b-97bd-081fd87187ee,178.72,262.58,2024-06-23 17:41:28
b74331ae-6a52-4abf-a8f9-f3bf014a94b9,9f6a1652-1834-4fc2-8e82-9c2391972a6f,f557bd7d-e47d-4b3b-97bd-081fd87187ee,721.4,664.66,2023-08-10 13:41:53
6cb1766d-eab8-4a61-b019-8411dfeb1c29,9f6a1652-1834-4fc2-8e82-9c2391972a6f,f557bd7d-e47d-4b3b-97bd-081fd87187ee,232.66,265.07,2023-08-16 22:34:10
88f92371-b6d5-43ae-b6db-fab6d0f039a5,9f6a1652-1834-4fc2-8e82-9c2391972a6f,f557bd7d-e47d-4b3b-97bd-081fd87187ee,488.3,602.15,2023-09-05 01:10:29
23659f58-f217-4a41-972c-a5a54a9b0460,9f6a1652-1834-4fc2-8e82-9c2391972a6f,f557bd7d-e47d-4b3b-97bd-081fd87187ee,523.65,322.89,2024-06-29 09:59:50
cd4d3dd4-3848-4bee-a014-64b04e4889d6,9f6a1652-1834-4fc2-8e82-9c2391972a6f,f557bd7d-e47d-4b3b-97bd-081fd87187ee,346.58,397.08,2024-07-10 18:51:37
bf602ae4-8b54-4313-bc9f-efd95077538d,9f6a1652-1834-4fc2-8e82-9c2391972a6f,f557bd7d-e47d-4b3b-97bd-081fd87187ee,450.37,752.45,2023-12-20 14:55:28
2c7eb87e-6435-44c6-8267-5c43800890e6,9f6a1652-1834-4fc2-8e82-9c2391972a6f,f557bd7d-e47d-4b3b-97bd-081fd87187ee,374.04,742.3199999999999,2023-08-22 03:03:50
1f0cae92-cf21-415c-b12d-3ca396392906,9f6a1652-1834-4fc2-8e82-9c2391972a6f,f557bd7d-e47d-4b3b-97bd-081fd87187ee,794.92,391.22999999999996,2023-12-05 03:49:27
84a8726f-6569-4d39-994d-dc28554454e5,9f6a1652-1834-4fc2-8e82-9c2391972a6f,f557bd7d-e47d-4b3b-97bd-081fd87187ee,205.07,-179.65000000000003,2024-07-13 18:34:53
176b0618-8df6-4739-9275-ec7ebb6f5a65,9f6a1652-1834-4fc2-8e82-9c2391972a6f,f557bd7d-e47d-4b3b-97bd-081fd87187ee,842.4,1201.25,2023-08-09 00:02:38
33b83fb2-380c-4b5a-8107-ad332b115912,9f6a1652-1834-4fc2-8e82-9c2391972a6f,f557bd7d-e47d-4b3b-97bd-081fd87187ee,876.37,956.27,2023-12-25 14:21:30
72e07b76-3b1e-4eed-b0f9-6ad55168fa41,9f6a1652-1834-4fc2-8e82-9c2391972a6f,f557bd7d-e47d-4b3b-97bd-081fd87187ee,455.05,459.90000000000003,2024-05-23 15:06:03
e51efc75-71a5-4b0a-9413-67741e6ade2a,9f6a1652-1834-4fc2-8e82-9c2391972a6f,f557bd7d-e47d-4b3b-97bd-081fd87187ee,803.6,1030.32,2023-08-19 05:54:05
cdd85d1f-3d27-4e19-81d5-3f02bb9d5752,9f6a1652-1834-4fc2-8e82-9c2391972a6f,f557bd7d-e47d-4b3b-97bd-081fd87187ee,487.27,883.19,2024-06-21 05:36:35
68ae5f78-0cb7-4cf1-99aa-ea40e7a0bf35,9f6a1652-1834-4fc2-8e82-9c2391972a6f,f557bd7d-e47d-4b3b-97bd-081fd87187ee,922.36,928.2,2023-12-03 01:57:00
b2c7581e-412e-4f98-aa11-fcdd7af97c8b,9f6a1652-1834-4fc2-8e82-9c2391972a6f,f557bd7d-e47d-4b3b-97bd-081fd87187ee,200.7,379.7,2023-10-20 13:53:22
23b7ab90-7669-434d-b10b-8a7585048ee6,9f6a1652-1834-4fc2-8e82-9c2391972a6f,f557bd7d-e47d-4b3b-97bd-081fd87187ee,258.45,-82.72000000000003,2023-09-14 06:37:28
44a3a888-0ceb-49ef-b5b1-ae42aa50a5a7,9f6a1652-1834-4fc2-8e82-9c2391972a6f,f557bd7d-e47d-4b3b-97bd-081fd87187ee,957.56,1437.57,2023-11-02 02:03:01
fc8d63ea-544f-4c6c-9767-22c6e2c94188,9f6a1652-1834-4fc2-8e82-9c2391972a6f,f557bd7d-e47d-4b3b-97bd-081fd87187ee,770.29,1126.3799999999999,2023-09-10 00:56:44
63853cf0-e22b-4dd7-81ee-a10eec3dbe1a,9f6a1652-1834-4fc2-8e82-9c2391972a6f,f557bd7d-e47d-4b3b-97bd-081fd87187ee,990.32,1414.43,2023-10-25 11:32:46
ee53f795-ff7f-4857-9554-90f1a5f5509a,9f6a1652-1834-4fc2-8e82-9c2391972a6f,f557bd7d-e47d-4b3b-97bd-081fd87187ee,796.37,1006.16,2024-07-13 01:07:31
e891fb73-eabb-467b-a05e-6ecaea6b0a34,9f6a1652-1834-4fc2-8e82-9c2391972a6f,f557bd7d-e47d-4b3b-97bd-081fd87187ee,103.3,-25.320000000000007,2024-07-02 03:00:14
d73bcd46-149b-4492-87ea-0050c35bdcb8,9f6a1652-1834-4fc2-8e82-9c2391972a6f,f557bd7d-e47d-4b3b-97bd-081fd87187ee,782.12,585.24,2023-10-25 19:21:23
dae85e4e-898a-4447-a85b-4a0b8a61b975,9f6a1652-1834-4fc2-8e82-9c2391972a6f,f557bd7d-e47d-4b3b-97bd-081fd87187ee,750.12,920.71,2024-06-15 20:46:31
48d4e309-b884-4a11-ac31-40478f83cfce,9f6a1652-1834-4fc2-8e82-9c2391972a6f,f557bd7d-e47d-4b3b-97bd-081fd87187ee,428.5,708.7,2023-08-08 07:29:44
3fc4ebc6-bba2-41db-9433-1530c39a4bef,9f6a1652-1834-4fc2-8e82-9c2391972a6f,f557bd7d-e47d-4b3b-97bd-081fd87187ee,326.08,704.47,2024-05-25 13:12:05
f77ecba5-1d81-4c02-89d4-c42e71265c9e,9f6a1652-1834-4fc2-8e82-9c2391972a6f,f557bd7d-e47d-4b3b-97bd-081fd87187ee,428.68,435.72,2024-06-26 08:01:26
6835be2e-29e5-4307-bcbe-489dfa40dd64,9f6a1652-1834-4fc2-8e82-9c2391972a6f,f557bd7d-e47d-4b3b-97bd-081fd87187ee,549.27,658.9,2024-07-17 06:59:35
ee85441c-4e6a-424b-97b5-8f0734e32e0d,9f6a1652-1834-4fc2-8e82-9c2391972a6f,f557bd7d-e47d-4b3b-97bd-081fd87187ee,684.04,221.80999999999995,2023-09-16 23:00:17
da7b5643-842b-4592-999d-fd9d21e613b2,9f6a1652-1834-4fc2-8e82-9c2391972a6f,f557bd7d-e47d-4b3b-97bd-081fd87187ee,356.54,40.73000000000002,2023-11-02 12:54:20
28cfa636-0ac6-4e65-a143-5a8ef9f46762,9f6a1652-1834-4fc2-8e82-9c2391972a6f,f557bd7d-e47d-4b3b-97bd-081fd87187ee,935.64,995.04,2024-06-19 21:24:12
592c0478-f586-4948-8570-e585e625e9c9,9f6a1652-1834-4fc2-8e82-9c2391972a6f,f557bd7d-e47d-4b3b-97bd-081fd87187ee,743.64,663.86,2024-05-12 04:21:01
e8292037-a0d7-41aa-8f15-ff8d43371185,9f6a1652-1834-4fc2-8e82-9c2391972a6f,f557bd7d-e47d-4b3b-97bd-081fd87187ee,636.47,583.48,2024-06-22 13:41:52
1a776051-284c-4fb9-80cc-1a42722ef683,9f6a1652-1834-4fc2-8e82-9c2391972a6f,f557bd7d-e47d-4b3b-97bd-081fd87187ee,821.78,1013.01,2023-11-09 19:17:26
a79d8816-fb04-4f2c-86ba-e7d0fee595a3,9f6a1652-1834-4fc2-8e82-9c2391972a6f,f557bd7d-e47d-4b3b-97bd-081fd87187ee,673.39,588.06,2023-12-07 12:19:15
2e0f3e82-887b-427b-83ce-e43351e133d9,9f6a1652-1834-4fc2-8e82-9c2391972a6f,f557bd7d-e47d-4b3b-97bd-081fd87187ee,862.35,1337.7,2024-02-03 16:52:24
74da0849-e71d-41b5-afca-6eac3e86e435,9f6a1652-1834-4fc2-8e82-9c2391972a6f,f557bd7d-e47d-4b3b-97bd-081fd87187ee,462.56,198.97000000000003,2024-07-21 16:46:11
500cf96d-3204-4392-9708-d3729c6d1a3b,9f6a1652-1834-4fc2-8e82-9c2391972a6f,f557bd7d-e47d-4b3b-97bd-081fd87187ee,253.2,93.82,2023-09-06 12:06:15
7e614839-195a-423b-8c6d-724a887d85b0,9f6a1652-1834-4fc2-8e82-9c2391972a6f,f557bd7d-e47d-4b3b-97bd-081fd87187ee,664.89,174.64,2024-02-01 18:00:19
57930815-8733-4d50-9438-2b9ae8928b5c,9f6a1652-1834-4fc2-8e82-9c2391972a6f,f557bd7d-e47d-4b3b-97bd-081fd87187ee,115.05,314.68,2024-06-07 03:42:07
13ce681a-7827-4a6a-80a1-10ae08b96427,9f6a1652-1834-4fc2-8e82-9c2391972a6f,f557bd7d-e47d-4b3b-97bd-081fd87187ee,404.77,136.07999999999998,2023-08-20 11:03:04
74c7a4d0-a3bd-49c9-90e9-111bb1e8829c,9f6a1652-1834-4fc2-8e82-9c2391972a6f,f557bd7d-e47d-4b3b-97bd-081fd87187ee,445.65,158.76999999999998,2024-07-14 09:49:39
09b8319f-f4e4-4c84-9ee4-b34c7c1da126,9f6a1652-1834-4fc2-8e82-9c2391972a6f,f557bd7d-e47d-4b3b-97bd-081fd87187ee,974.13,945.41,2023-11-06 11:25:10
42528a5d-388c-48a5-91d7-26de23711afe,9f6a1652-1834-4fc2-8e82-9c2391972a6f,f557bd7d-e47d-4b3b-97bd-081fd87187ee,427.68,637.8,2023-09-15 16:59:22
9d0e0aa0-47bf-4e11-95da-8cd1c9920ae4,9f6a1652-1834-4fc2-8e82-9c2391972a6f,f557bd7d-e47d-4b3b-97bd-081fd87187ee,269.74,-27.810000000000002,2023-09-11 11:05:31
38ffe888-b167-498d-9f2c-bcabd25fffd7,9f6a1652-1834-4fc2-8e82-9c2391972a6f,f557bd7d-e47d-4b3b-97bd-081fd87187ee,289.08,494.52,2023-09-12 03:51:32
c744e847-c3f3-4ef2-bacb-80c2e326fa7b,9f6a1652-1834-4fc2-8e82-9c2391972a6f,f557bd7d-e47d-4b3b-97bd-081fd87187ee,320.03,630.88,2023-08-24 07:54:40
c5311bca-2c78-4246-8ca7-49549361a62f,9f6a1652-1834-4fc2-8e82-9c2391972a6f,f557bd7d-e47d-4b3b-97bd-081fd87187ee,488.79,768.08,2023-09-26 08:06:18
345db8ff-da77-46bb-bcca-cbb5724af4ba,9f6a1652-1834-4fc2-8e82-9c2391972a6f,f557bd7d-e47d-4b3b-97bd-081fd87187ee,630.14,1092.34,2023-10-01 15:56:03
f4237437-2e00-42e5-b658-1c6c215cc92b,9f6a1652-1834-4fc2-8e82-9c2391972a6f,f557bd7d-e47d-4b3b-97bd-081fd87187ee,212.19,641.77,2024-07-10 06:08:29
d5629299-eb05-4fab-b3f7-446416e45707,9f6a1652-1834-4fc2-8e82-9c2391972a6f,f557bd7d-e47d-4b3b-97bd-081fd87187ee,574.78,835.14,2024-01-03 08:41:46
73dad36f-0dc5-4b15-8438-bec7144c6f50,9f6a1652-1834-4fc2-8e82-9c2391972a6f,f557bd7d-e47d-4b3b-97bd-081fd87187ee,362.65,-74.97000000000003,2023-09-30 15:13:51
d58a71ce-116d-4459-b5e9-684081d10c11,9f6a1652-1834-4fc2-8e82-9c2391972a6f,f557bd7d-e47d-4b3b-97bd-081fd87187ee,782.47,1239.8600000000001,2024-03-27 11:45:53
de0987e1-b45b-4148-813b-f01dbea1c7cc,9f6a1652-1834-4fc2-8e82-9c2391972a6f,f557bd7d-e47d-4b3b-97bd-081fd87187ee,974.38,653.66,2023-11-13 20:58:51
7f1b60ba-7681-4a07-974a-43c2c2447db3,9f6a1652-1834-4fc2-8e82-9c2391972a6f,f557bd7d-e47d-4b3b-97bd-081fd87187ee,750.08,1024.43,2023-10-16 23:55:21
c7d2283a-a6ef-4f8b-a6f8-e5a362ae0505,9f6a1652-1834-4fc2-8e82-9c2391972a6f,f557bd7d-e47d-4b3b-97bd-081fd87187ee,472.76,590.72,2023-09-11 21:58:52
2781dd39-2f97-476b-bbbd-fdd80c1d2c20,9f6a1652-1834-4fc2-8e82-9c2391972a6f,f557bd7d-e47d-4b3b-97bd-081fd87187ee,209.7,-154.12,2023-08-12 01:34:33
914162ff-4a23-4ee0-ba78-95f77c8dc46c,9f6a1652-1834-4fc2-8e82-9c2391972a6f,f557bd7d-e47d-4b3b-97bd-081fd87187ee,371.67,714.9100000000001,2024-06-20 18:06:15
cd1689fe-90d5-40a6-9ef9-4da1ca5cbfb2,9f6a1652-1834-4fc2-8e82-9c2391972a6f,f557bd7d-e47d-4b3b-97bd-081fd87187ee,858.15,409.60999999999996,2024-05-22 03:21:49
0594ce05-373a-4c97-8687-fbbeeed6520b,9f6a1652-1834-4fc2-8e82-9c2391972a6f,f557bd7d-e47d-4b3b-97bd-081fd87187ee,651.93,1017.74,2024-02-04 21:42:44
e49f7596-91ab-43c5-9a53-5d5281612e34,9f6a1652-1834-4fc2-8e82-9c2391972a6f,f557bd7d-e47d-4b3b-97bd-081fd87187ee,558.05,221.89999999999998,2023-11-22 19:38:47
6e668b13-c86f-4223-b676-3f8acd2d40cb,9f6a1652-1834-4fc2-8e82-9c2391972a6f,f557bd7d-e47d-4b3b-97bd-081fd87187ee,213.12,34.97,2023-09-11 02:42:18
3d30df6f-be98-4cbe-9ed3-32816ee366e2,9f6a1652-1834-4fc2-8e82-9c2391972a6f,f557bd7d-e47d-4b3b-97bd-081fd87187ee,980.89,1412.26,2024-04-10 10:49:02
66ab903f-ab43-4d66-aeb9-f09da0c27ccc,9f6a1652-1834-4fc2-8e82-9c2391972a6f,f557bd7d-e47d-4b3b-97bd-081fd87187ee,107.38,-346.62,2024-03-12 10:31:58
b55e1ba0-9b82-416d-8f74-d07b5547b866,9f6a1652-1834-4fc2-8e82-9c2391972a6f,f557bd7d-e47d-4b3b-97bd-081fd87187ee,440.0,516.23,2023-08-27 21:22:10
877a328b-3eb4-4dbb-99be-7e7ba67b75a0,9f6a1652-1834-4fc2-8e82-9c2391972a6f,f557bd7d-e47d-4b3b-97bd-081fd87187ee,161.7,395.41999999999996,2023-11-20 13:32:49
70b10639-e949-43e5-93e9-43c90d6b1bcc,9f6a1652-1834-4fc2-8e82-9c2391972a6f,f557bd7d-e47d-4b3b-97bd-081fd87187ee,328.57,807.89,2024-05-09 15:35:14
8de5c2b9-d2df-485e-99db-5ece5af42ff9,9f6a1652-1834-4fc2-8e82-9c2391972a6f,f557bd7d-e47d-4b3b-97bd-081fd87187ee,764.55,790.62,2024-05-20 10:57:25
523db6bf-08f9-4e3b-8496-492e365a5aa2,9f6a1652-1834-4fc2-8e82-9c2391972a6f,f557bd7d-e47d-4b3b-97bd-081fd87187ee,211.31,646.69,2024-02-13 04:48:37
fbd6433e-cb4f-49d8-8c2d-68eefe99293f,9f6a1652-1834-4fc2-8e82-9c2391972a6f,f557bd7d-e47d-4b3b-97bd-081fd87187ee,369.61,428.25,2023-09-09 17:18:36
8f3978b9-46f3-4fa6-89d6-3f1feda27cc0,9f6a1652-1834-4fc2-8e82-9c2391972a6f,f557bd7d-e47d-4b3b-97bd-081fd87187ee,451.5,403.08,2024-08-03 12:09:45
794229b8-fa42-47ae-bc58-7b8c92267e76,9f6a1652-1834-4fc2-8e82-9c2391972a6f,f557bd7d-e47d-4b3b-97bd-081fd87187ee,807.97,693.98,2023-08-20 19:43:58
ad31eed9-5e7b-4ce4-b748-b97c0f85eb02,9f6a1652-1834-4fc2-8e82-9c2391972a6f,f557bd7d-e47d-4b3b-97bd-081fd87187ee,585.2,279.68000000000006,2024-02-29 20:42:09
208cf6ee-c782-4aa6-8430-ba62b74ea217,9f6a1652-1834-4fc2-8e82-9c2391972a6f,f557bd7d-e47d-4b3b-97bd-081fd87187ee,474.26,937.01,2024-06-16 21:02:21
4f252500-3a04-4650-aae3-d208712e58b5,9f6a1652-1834-4fc2-8e82-9c2391972a6f,f557bd7d-e47d-4b3b-97bd-081fd87187ee,887.01,491.57,2024-02-17 07:42:45
a75577c9-19bc-4b39-b6b4-0cd5c2151d80,9f6a1652-1834-4fc2-8e82-9c2391972a6f,f557bd7d-e47d-4b3b-97bd-081fd87187ee,750.03,291.98999999999995,2023-12-18 10:58:10
9366ebd1-529b-48f3-a631-ebd6b7716535,9f6a1652-1834-4fc2-8e82-9c2391972a6f,f557bd7d-e47d-4b3b-97bd-081fd87187ee,561.07,244.96000000000004,2024-02-24 00:37:25
2375476a-a537-45ad-b45d-a5e278bbf058,9f6a1652-1834-4fc2-8e82-9c2391972a6f,f557bd7d-e47d-4b3b-97bd-081fd87187ee,193.41,-257.74,2024-07-12 12:05:12
90d97de3-266b-4d5a-9891-73ff70f12955,9f6a1652-1834-4fc2-8e82-9c2391972a6f,f557bd7d-e47d-4b3b-97bd-081fd87187ee,588.2,380.0300000000001,2024-07-25 00:10:14
a2ac0ec6-7d68-47eb-8eee-85c2e803cb7d,9f6a1652-1834-4fc2-8e82-9c2391972a6f,f557bd7d-e47d-4b3b-97bd-081fd87187ee,452.64,871.41,2024-07-02 19:21:08
1bb1814c-dd92-472c-baef-6a0456bc63c9,9f6a1652-1834-4fc2-8e82-9c2391972a6f,f557bd7d-e47d-4b3b-97bd-081fd87187ee,277.21,186.53999999999996,2024-05-02 22:30:52
750f6f05-1e11-4def-8acf-b8d75f2b3769,9f6a1652-1834-4fc2-8e82-9c2391972a6f,f557bd7d-e47d-4b3b-97bd-081fd87187ee,797.97,757.22,2024-04-21 05:55:15
07f25de3-064b-47f7-a923-7b23a88a1a98,9f6a1652-1834-4fc2-8e82-9c2391972a6f,f557bd7d-e47d-4b3b-97bd-081fd87187ee,545.02,701.63,2023-11-02 23:34:40
2275a86a-181f-4ecf-a9a7-bbc9713c8e0e,9f6a1652-1834-4fc2-8e82-9c2391972a6f,f557bd7d-e47d-4b3b-97bd-081fd87187ee,557.28,722.97,2023-12-09 21:44:25
736e8b76-de4a-4eb8-900e-395f4b0fb3e4,9f6a1652-1834-4fc2-8e82-9c2391972a6f,f557bd7d-e47d-4b3b-97bd-081fd87187ee,548.28,305.42999999999995,2023-09-22 10:44:08
3ab346cc-c653-46ab-8d03-d38572128581,9f6a1652-1834-4fc2-8e82-9c2391972a6f,f557bd7d-e47d-4b3b-97bd-081fd87187ee,129.37,398.31,2023-10-07 07:55:18
7540f515-1dbe-49d2-a0d0-b350de9ad768,9f6a1652-1834-4fc2-8e82-9c2391972a6f,f557bd7d-e47d-4b3b-97bd-081fd87187ee,450.35,452.72,2024-01-22 06:53:10
bed6285d-6486-4b99-b929-2db2d2fd644e,9f6a1652-1834-4fc2-8e82-9c2391972a6f,f557bd7d-e47d-4b3b-97bd-081fd87187ee,553.39,548.13,2024-07-04 05:11:53
117ea15f-9319-462e-9818-399c657f1d1d,9f6a1652-1834-4fc2-8e82-9c2391972a6f,f557bd7d-e47d-4b3b-97bd-081fd87187ee,592.93,1001.98,2024-05-21 18:32:14
5d86a686-6727-4b6e-a7ad-a6e6cc1e6103,9f6a1652-1834-4fc2-8e82-9c2391972a6f,f557bd7d-e47d-4b3b-97bd-081fd87187ee,418.92,742.8,2024-07-25 05:29:25
dea0336b-f1a6-4948-bbe1-16e65a7173c7,9f6a1652-1834-4fc2-8e82-9c2391972a6f,f557bd7d-e47d-4b3b-97bd-081fd87187ee,880.05,839.6899999999999,2024-02-17 01:20:55
bd64c232-5d61-46b3-9af6-60b07b8647de,9f6a1652-1834-4fc2-8e82-9c2391972a6f,f557bd7d-e47d-4b3b-97bd-081fd87187ee,638.49,223.06,2024-02-08 00:05:28
847823df-a661-4117-9564-2dc038eb3466,9f6a1652-1834-4fc2-8e82-9c2391972a6f,f557bd7d-e47d-4b3b-97bd-081fd87187ee,908.6,1311.0900000000001,2024-04-17 22:21:32
7fab466f-2019-4f63-bde1-cd3044c7dd11,9f6a1652-1834-4fc2-8e82-9c2391972a6f,f557bd7d-e47d-4b3b-97bd-081fd87187ee,321.8,-102.84999999999997,2024-01-27 11:37:14
365536c4-1964-4961-8a5d-e940a683e039,9f6a1652-1834-4fc2-8e82-9c2391972a6f,f557bd7d-e47d-4b3b-97bd-081fd87187ee,758.55,774.92,2023-09-09 09:24:35
872f4615-6ef3-4167-972e-8c03b9330927,9f6a1652-1834-4fc2-8e82-9c2391972a6f,f557bd7d-e47d-4b3b-97bd-081fd87187ee,117.25,169.61,2024-05-11 07:14:09
237086df-04b7-4704-8659-ae19352347be,9f6a1652-1834-4fc2-8e82-9c2391972a6f,f557bd7d-e47d-4b3b-97bd-081fd87187ee,359.6,835.03,2024-06-23 09:10:47
f9fb77cc-b82f-44eb-8d83-3340e730f081,9f6a1652-1834-4fc2-8e82-9c2391972a6f,f557bd7d-e47d-4b3b-97bd-081fd87187ee,422.12,663.85,2023-11-23 01:06:39
5ca365d6-d0ad-4b20-9588-a24d310aa291,9f6a1652-1834-4fc2-8e82-9c2391972a6f,f557bd7d-e47d-4b3b-97bd-081fd87187ee,406.47,489.27000000000004,2024-06-11 12:54:09
b2715f33-9f08-427f-b2cf-59172175d297,9f6a1652-1834-4fc2-8e82-9c2391972a6f,f557bd7d-e47d-4b3b-97bd-081fd87187ee,769.1,476.20000000000005,2024-06-25 17:33:21
e5672268-3460-4042-a285-1fddece7a3fd,9f6a1652-1834-4fc2-8e82-9c2391972a6f,f557bd7d-e47d-4b3b-97bd-081fd87187ee,748.24,1189.6100000000001,2024-07-11 12:34:12
9e2c5d1e-1e44-4179-8433-3c3f4efb7fb9,9f6a1652-1834-4fc2-8e82-9c2391972a6f,f557bd7d-e47d-4b3b-97bd-081fd87187ee,914.48,1298.8400000000001,2024-05-07 06:20:11
00bbec18-9045-43fa-be9a-604ed1f49d99,9f6a1652-1834-4fc2-8e82-9c2391972a6f,f557bd7d-e47d-4b3b-97bd-081fd87187ee,122.07,277.65,2024-02-06 12:56:03
bb9be430-4dff-45c3-b5e8-4efbee004d64,9f6a1652-1834-4fc2-8e82-9c2391972a6f,f557bd7d-e47d-4b3b-97bd-081fd87187ee,293.36,668.55,2023-08-17 22:54:57
34710c6c-5c12-4324-98f4-f8a2f927ef7f,9f6a1652-1834-4fc2-8e82-9c2391972a6f,f557bd7d-e47d-4b3b-97bd-081fd87187ee,775.94,739.11,2023-12-04 22:54:29
8c475037-d2ca-4063-b1ae-54bfe5eabd29,9f6a1652-1834-4fc2-8e82-9c2391972a6f,f557bd7d-e47d-4b3b-97bd-081fd87187ee,414.92,818.76,2024-05-15 02:22:31
6bdad7c7-e3b3-4ebd-a99e-f80faafb0ab4,9f6a1652-1834-4fc2-8e82-9c2391972a6f,f557bd7d-e47d-4b3b-97bd-081fd87187ee,147.05,52.280000000000015,2023-11-04 05:25:04
4c112748-cca4-4da2-b1ff-df54d8fa68f0,9f6a1652-1834-4fc2-8e82-9c2391972a6f,f557bd7d-e47d-4b3b-97bd-081fd87187ee,867.34,710.3000000000001,2023-08-09 06:14:26
cce53a01-5d5d-4df1-9d4c-b544fc6ed525,9f6a1652-1834-4fc2-8e82-9c2391972a6f,f557bd7d-e47d-4b3b-97bd-081fd87187ee,373.31,438.17,2024-03-24 11:46:09
1184f9b2-9a00-4141-b7a6-9dcbe3a00106,9f6a1652-1834-4fc2-8e82-9c2391972a6f,f557bd7d-e47d-4b3b-97bd-081fd87187ee,417.04,524.15,2024-06-10 13:09:49
521a9513-20b3-4f2e-a300-961735a36862,9f6a1652-1834-4fc2-8e82-9c2391972a6f,f557bd7d-e47d-4b3b-97bd-081fd87187ee,877.1,903.19,2024-04-11 13:02:06
5bf3716d-b98e-4174-97c4-94cd524045cf,9f6a1652-1834-4fc2-8e82-9c2391972a6f,f557bd7d-e47d-4b3b-97bd-081fd87187ee,997.18,1209.4099999999999,2023-11-09 19:25:29
3cf72b40-a419-4bb7-8a22-108b5842ed17,9f6a1652-1834-4fc2-8e82-9c2391972a6f,f557bd7d-e47d-4b3b-97bd-081fd87187ee,170.77,-248.80999999999997,2023-10-04 18:47:46
1c1b96fe-3447-4f53-9aa1-0acb1a872282,9f6a1652-1834-4fc2-8e82-9c2391972a6f,f557bd7d-e47d-4b3b-97bd-081fd87187ee,423.14,481.34999999999997,2024-05-08 23:36:00
6bd3321a-2d05-4c2d-a1aa-a39dba593c36,9f6a1652-1834-4fc2-8e82-9c2391972a6f,f557bd7d-e47d-4b3b-97bd-081fd87187ee,332.89,-69.37,2023-08-15 11:24:14
755703c4-a7ed-43ac-9fa2-5323b8690ac4,9f6a1652-1834-4fc2-8e82-9c2391972a6f,f557bd7d-e47d-4b3b-97bd-081fd87187ee,791.53,660.3399999999999,2024-07-30 01:50:10
adf9c142-e773-4ca7-b8f7-b3e907fd8d16,9f6a1652-1834-4fc2-8e82-9c2391972a6f,f557bd7d-e47d-4b3b-97bd-081fd87187ee,301.04,-65.88999999999999,2023-12-10 13:21:02
0c92c505-d98e-4677-a91c-0e0d58d52740,9f6a1652-1834-4fc2-8e82-9c2391972a6f,f557bd7d-e47d-4b3b-97bd-081fd87187ee,343.58,468.65,2023-12-22 15:58:51
6a815aab-c1e9-4970-a23b-7f51572ec8f6,9f6a1652-1834-4fc2-8e82-9c2391972a6f,f557bd7d-e47d-4b3b-97bd-081fd87187ee,271.41,342.41,2023-09-12 11:51:02
d7c2090d-7633-447b-96ed-ce749fd13947,9f6a1652-1834-4fc2-8e82-9c2391972a6f,f557bd7d-e47d-4b3b-97bd-081fd87187ee,318.64,301.19,2023-12-05 14:01:42
e0645f65-8bb8-4db3-ab52-fd1e81c21ae0,9f6a1652-1834-4fc2-8e82-9c2391972a6f,f557bd7d-e47d-4b3b-97bd-081fd87187ee,475.39,-21.980000000000018,2024-02-19 00:40:23
3bd78ebe-3fc1-48db-828c-b32d49da3455,9f6a1652-1834-4fc2-8e82-9c2391972a6f,f557bd7d-e47d-4b3b-97bd-081fd87187ee,918.05,761.55,2024-05-20 17:51:38
6d4c52dc-6244-4dfe-b1cc-2be801ea042c,9f6a1652-1834-4fc2-8e82-9c2391972a6f,f557bd7d-e47d-4b3b-97bd-081fd87187ee,975.1,1161.8600000000001,2023-10-04 13:23:06
e3a0d909-f2f5-4d70-818c-ef92d7b3163e,9f6a1652-1834-4fc2-8e82-9c2391972a6f,f557bd7d-e47d-4b3b-97bd-081fd87187ee,843.71,935.71,2024-06-04 07:41:47
b1408ba3-e0c0-4a36-ad61-a09639f64508,9f6a1652-1834-4fc2-8e82-9c2391972a6f,f557bd7d-e47d-4b3b-97bd-081fd87187ee,346.66,-134.26,2024-02-25 17:53:27
8c25d65d-1091-4d6e-bbff-bdbe5ccd0ed5,9f6a1652-1834-4fc2-8e82-9c2391972a6f,f557bd7d-e47d-4b3b-97bd-081fd87187ee,516.3,325.90999999999997,2023-09-16 15:34:37
df1fafe7-57fe-42e9-bf78-8f31987be573,9f6a1652-1834-4fc2-8e82-9c2391972a6f,f557bd7d-e47d-4b3b-97bd-081fd87187ee,243.29,482.71,2023-09-11 23:49:32
bc0b06e0-e9db-4fe7-8493-13b429398764,9f6a1652-1834-4fc2-8e82-9c2391972a6f,f557bd7d-e47d-4b3b-97bd-081fd87187ee,222.62,284.94,2023-12-30 10:09:27
